corpus,few_shot,seed,method,n_few,n_elig,lex_size_cased,lex_size,cand_mean,cand_min,n_aug,copies_target,copies_made,attempts,failed_attempts,sent_short,rep_per_copy,frac_mentions_replaced,mean_abs_dlen
BC2GM,10%,64,COSINER,1250,668,1382,1361,1381.0,1381.0,3340,3340,3340,3340,0,0,2.377245508982036,1.0,1.6283375314861461
BC2GM,10%,64,MR,1250,668,1382,1361,1381.0,1381.0,3340,3340,3340,3340,0,0,2.377245508982036,1.0,1.8224181360201512
BC2GM,10%,64,Dup,1250,668,1382,1361,,,3340,3340,3340,0,0,0,0.0,0.0,0.0
BC2GM,10%,128,COSINER,1250,624,1265,1244,1264.0,1264.0,3120,3120,3120,3120,0,0,2.3221153846153846,1.0,1.6814354727398206
BC2GM,10%,128,MR,1250,624,1265,1244,1264.0,1264.0,3120,3120,3120,3120,0,0,2.3221153846153846,1.0,1.816425120772947
BC2GM,10%,128,Dup,1250,624,1265,1244,,,3120,3120,3120,0,0,0,0.0,0.0,0.0
BC2GM,10%,256,COSINER,1250,639,1328,1311,1327.0,1327.0,3195,3195,3195,3195,0,0,2.367762128325509,1.0,1.8152015862524786
BC2GM,10%,256,MR,1250,639,1328,1311,1327.0,1327.0,3195,3195,3195,3195,0,0,2.367762128325509,1.0,2.025908790482485
BC2GM,10%,256,Dup,1250,639,1328,1311,,,3195,3195,3195,0,0,0,0.0,0.0,0.0
BC2GM,10%,512,COSINER,1250,627,1318,1306,1317.0,1317.0,3135,3135,3135,3135,0,0,2.397129186602871,1.0,1.6260811709913505
BC2GM,10%,512,MR,1250,627,1318,1306,1317.0,1317.0,3135,3135,3135,3135,0,0,2.397129186602871,1.0,1.8774451097804392
BC2GM,10%,512,Dup,1250,627,1318,1306,,,3135,3135,3135,0,0,0,0.0,0.0,0.0
BC2GM,10%,1024,COSINER,1250,655,1323,1309,1322.0,1322.0,3275,3275,3275,3275,0,0,2.3603053435114503,1.0,1.639327296248383
BC2GM,10%,1024,MR,1250,655,1323,1309,1322.0,1322.0,3275,3275,3275,3275,0,0,2.3603053435114503,1.0,1.8417852522639069
BC2GM,10%,1024,Dup,1250,655,1323,1309,,,3275,3275,3275,0,0,0,0.0,0.0,0.0
BC2GM,10%,2048,COSINER,1250,655,1366,1349,1365.0,1365.0,3275,3275,3275,3275,0,0,2.4122137404580153,1.0,1.6727848101265823
BC2GM,10%,2048,MR,1250,655,1366,1349,1365.0,1365.0,3275,3275,3275,3275,0,0,2.4122137404580153,1.0,1.9062025316455695
BC2GM,10%,2048,Dup,1250,655,1366,1349,,,3275,3275,3275,0,0,0,0.0,0.0,0.0
BC2GM,10%,4096,COSINER,1250,611,1287,1272,1286.0,1286.0,3055,3055,3055,3055,0,0,2.3895253682487727,1.0,1.628082191780822
BC2GM,10%,4096,MR,1250,611,1287,1272,1286.0,1286.0,3055,3055,3055,3055,0,0,2.3895253682487727,1.0,1.8495890410958904
BC2GM,10%,4096,Dup,1250,611,1287,1272,,,3055,3055,3055,0,0,0,0.0,0.0,0.0
BC2GM,10%,8192,COSINER,1250,632,1313,1293,1312.0,1312.0,3160,3160,3160,3160,0,0,2.3401898734177213,1.0,1.6133874239350914
BC2GM,10%,8192,MR,1250,632,1313,1293,1312.0,1312.0,3160,3160,3160,3160,0,0,2.3401898734177213,1.0,1.852738336713996
BC2GM,10%,8192,Dup,1250,632,1313,1293,,,3160,3160,3160,0,0,0,0.0,0.0,0.0
BC2GM,10%,16384,COSINER,1250,623,1280,1266,1279.0,1279.0,3115,3115,3115,3115,0,0,2.3418940609951844,1.0,1.657162440027416
BC2GM,10%,16384,MR,1250,623,1280,1266,1279.0,1279.0,3115,3115,3115,3115,0,0,2.3418940609951844,1.0,1.8858122001370803
BC2GM,10%,16384,Dup,1250,623,1280,1266,,,3115,3115,3115,0,0,0,0.0,0.0,0.0
BC2GM,10%,32768,COSINER,1250,642,1335,1313,1334.0,1334.0,3210,3210,3210,3210,0,0,2.4283489096573208,1.0,1.5493264913406029
BC2GM,10%,32768,MR,1250,642,1335,1313,1334.0,1334.0,3210,3210,3210,3210,0,0,2.4283489096573208,1.0,1.8481077613855035
BC2GM,10%,32768,Dup,1250,642,1335,1313,,,3210,3210,3210,0,0,0,0.0,0.0,0.0
