corpus,few_shot,seed,method,budget,config,legacy,repeat,phase,f1,precision,recall,f1_seen,p_seen,r_seen,n_seen,f1_unseen,p_unseen,r_unseen,n_unseen,dev_f1,dev_precision,dev_recall,n_few,n_elig,n_dev,n_train,n_aug,steps_per_epoch,n_steps,epochs_eff,s_base5,s_aug5,budget_mult,lex_size,cov_test,subset_hash,train_hash,amp,n_skipped,test_words_unlabelled,seqeval_f1,runtime_s,session,gpu,code_version
BC2GM,10%,64,Base,1x,Base@1x,Base-E5,0,1,0.7712188408013457,0.7467792092403376,0.7973122529644269,0.8891022563610179,0.9213930348258706,0.8589981447124304,1078,0.7488858572078216,0.7162491301322199,0.7846388412426148,5247,0.7748279252704031,0.7448015122873346,0.8073770491803278,1250,668,1250,1250,0,157,785,5.0,785,2870,1.0,1361,0.17043478260869566,cdef30b30f619063b031ac5199f4ee58,3f66461b952d57e6eb2f4b48fca12b4f,False,0,0,,170.6,20261001-084015-654326,Tesla T4,2.1
BC2GM,10%,64,Base,match,Base@match,Base-match,0,1,0.7825283106078115,0.7630709134615384,0.80300395256917,0.8978240302743613,0.916023166023166,0.8803339517625232,1078,0.7600993834544952,0.7348754448398577,0.7871164474938059,5247,0.7883790029712776,0.7629392971246006,0.8155737704918032,1250,668,1250,1250,0,157,2870,18.280254777070063,785,2870,3.656050955414013,1361,0.17043478260869566,cdef30b30f619063b031ac5199f4ee58,3f66461b952d57e6eb2f4b48fca12b4f,False,0,0,,491.9,20261001-084015-654326,Tesla T4,2.1
BC2GM,10%,64,Dup,match,Dup@match,Duplicate,0,1,0.7832383299953783,0.7637073756947574,0.8037944664031621,0.8933962264150945,0.9088291746641075,0.87847866419295,1078,0.7617381697661572,0.7367764915405165,0.7884505431675243,5247,0.7798286090969018,0.7535031847133759,0.8080601092896175,1250,668,1250,4590,3340,574,2870,5.0,785,2870,3.656050955414013,1361,0.17043478260869566,cdef30b30f619063b031ac5199f4ee58,459a1df1c8b1afc0c2464866750cc04a,False,0,0,,514.6,20261001-084015-654326,Tesla T4,2.1
BC2GM,10%,64,MR,match,MR@match,MR,0,1,0.7710171152831183,0.7369558950706255,0.8083794466403162,0.8934579439252337,0.9001883239171374,0.8868274582560297,1078,0.747460217567203,0.7074540503744043,0.7922622450924338,5247,0.7689357622243529,0.7225225225225225,0.8217213114754098,1250,668,1250,4590,3340,574,2870,5.0,785,2870,3.656050955414013,1361,0.17043478260869566,cdef30b30f619063b031ac5199f4ee58,cda21d279906ecefc56722baa5fe226f,False,0,0,,525.2,20261001-084015-654326,Tesla T4,2.1
BC2GM,10%,64,COSINER,match,COSINER@match,COSINER,0,1,0.7689506032324152,0.739276334986869,0.8011067193675889,0.8925233644859814,0.89924670433145,0.885899814471243,1078,0.7449950176646435,0.7099447513812155,0.7836859157613875,5247,0.7701223438506117,0.728380024360536,0.8169398907103825,1250,668,1250,4590,3340,574,2870,5.0,785,2870,3.656050955414013,1361,0.17043478260869566,cdef30b30f619063b031ac5199f4ee58,aa59c616c0ff422a652aada6b13adaa6,False,0,0,,522.3,20261001-084015-654326,Tesla T4,2.1
BC2GM,10%,128,Base,1x,Base@1x,Base-E5,0,1,0.7755417956656347,0.759666413949962,0.792094861660079,0.8974987739087787,0.8988212180746562,0.8961802154750245,1021,0.7526881720430109,0.7342657342657343,0.7720588235294118,5304,0.7863737663164598,0.7699501246882793,0.8035133376707873,1250,624,1250,1250,0,157,785,5.0,785,2735,1.0,1244,0.16142292490118576,bb8ea2032025241e654a2b6aea1ab72f,38539f2f73fa72c0f4ae5d32fea8dcb1,False,0,0,,167.8,20261001-084015-654326,Tesla T4,2.1
BC2GM,10%,128,Base,match,Base@match,Base-match,0,1,0.7814164838608585,0.7744991458300978,0.7884584980237154,0.8994551758296186,0.9098196392785571,0.8893241919686582,1021,0.759236854350861,0.7496783679470685,0.7690422322775264,5304,0.794987146529563,0.7853968253968254,0.8048145738451529,1250,624,1250,1250,0,157,2735,17.420382165605094,785,2735,3.484076433121019,1244,0.16142292490118576,bb8ea2032025241e654a2b6aea1ab72f,38539f2f73fa72c0f4ae5d32fea8dcb1,False,0,0,,459.0,20261001-084015-654326,Tesla T4,2.1
BC2GM,10%,128,Dup,match,Dup@match,Duplicate,0,1,0.7769966032072043,0.7764445847805495,0.7775494071146245,0.8933200398803589,0.9096446700507614,0.8775710088148874,1021,0.7550924622172158,0.7519162460272948,0.7582956259426847,5304,0.7925998052580331,0.7908031088082902,0.7944046844502277,1250,624,1250,4370,3120,547,2735,5.0,785,2735,3.484076433121019,1244,0.16142292490118576,bb8ea2032025241e654a2b6aea1ab72f,2ee650b7feb375a55db4ca7d3d08718c,False,0,0,,471.5,20261001-084015-654326,Tesla T4,2.1
BC2GM,10%,128,MR,match,MR@match,MR,0,1,0.7713954387321222,0.7547655068078669,0.7887747035573123,0.890764647467726,0.9033232628398792,0.8785504407443683,1021,0.7493819247321674,0.7285027594801495,0.7714932126696833,5304,0.7952956134774316,0.7775015537600994,0.8139232270657124,1250,624,1250,4370,3120,547,2735,5.0,785,2735,3.484076433121019,1244,0.16142292490118576,bb8ea2032025241e654a2b6aea1ab72f,cfa72d9ec12e7e695271def1db537a44,False,0,0,,479.3,20261001-084015-654326,Tesla T4,2.1
BC2GM,10%,128,COSINER,match,COSINER@match,COSINER,0,1,0.7818828257845107,0.7648570996522002,0.7996837944664031,0.8944526264113892,0.8966535433070866,0.8922624877571009,1021,0.7608476286579213,0.7409326424870466,0.7818627450980392,5304,0.7964433153382026,0.7779156327543424,0.8158750813272609,1250,624,1250,4370,3120,547,2735,5.0,785,2735,3.484076433121019,1244,0.16142292490118576,bb8ea2032025241e654a2b6aea1ab72f,08de52da259dbb81c26d7114ea455486,False,0,0,,478.6,20261001-084015-654326,Tesla T4,2.1
BC2GM,10%,256,Base,1x,Base@1x,Base-E5,0,1,0.7708011135168574,0.7543514454366581,0.7879841897233202,0.8714285714285714,0.8705994291151284,0.8722592945662536,1049,0.7512924667651404,0.7323614110871131,0.7712282031842305,5276,0.7822028624766647,0.7702205882352942,0.7945638432364096,1250,639,1250,1250,0,157,785,5.0,785,2780,1.0,1311,0.1658498023715415,4e2777feb6a971170725e158ac45ffed,8bbfcfeaf453d99c7a1ae69859dd6038,False,0,0,,173.8,20261001-084015-654326,Tesla T4,2.1
BC2GM,10%,256,Base,match,Base@match,Base-match,0,1,0.7788335264580919,0.7614803625377643,0.7969960474308301,0.8836310960888459,0.8953033268101761,0.8722592945662536,1049,0.7588743792532648,0.7370489460521615,0.7820318423047763,5276,0.7790517508521847,0.7641337386018237,0.7945638432364096,1250,639,1250,1250,0,157,2780,17.70700636942675,785,2780,3.5414012738853504,1311,0.1658498023715415,4e2777feb6a971170725e158ac45ffed,8bbfcfeaf453d99c7a1ae69859dd6038,False,0,0,,484.8,20261001-084015-654326,Tesla T4,2.1
BC2GM,10%,256,Dup,match,Dup@match,Duplicate,0,1,0.7770484207274694,0.7595108695652174,0.7954150197628459,0.884947267497603,0.8900675024108003,0.8798856053384175,1049,0.7563288226088557,0.7352783246822981,0.778620166793025,5276,0.7908838928241454,0.7711711711711712,0.8116308470290771,1250,639,1250,4445,3195,556,2780,5.0,785,2780,3.5414012738853504,1311,0.1658498023715415,4e2777feb6a971170725e158ac45ffed,5cb025f2de2f4cfacf05413f595bb708,False,0,0,,493.2,20261001-084015-654326,Tesla T4,2.1
BC2GM,10%,256,MR,match,MR@match,MR,0,1,0.7558402411454408,0.7221022318214543,0.7928853754940711,0.8668909178279673,0.874031007751938,0.8598665395614872,1049,0.7351863437304494,0.69558599695586,0.7795678544351782,5276,0.7726723095525997,0.7404403244495944,0.8078381795195955,1250,639,1250,4445,3195,556,2780,5.0,785,2780,3.5414012738853504,1311,0.1658498023715415,4e2777feb6a971170725e158ac45ffed,aebfd60d86601bf22d28244c4c3fe398,False,0,0,,497.0,20261001-084015-654326,Tesla T4,2.1
BC2GM,10%,256,COSINER,match,COSINER@match,COSINER,0,1,0.7707920036624446,0.7448753871110456,0.7985770750988143,0.872340425531915,0.8851815505397449,0.8598665395614872,1049,0.7517666243884762,0.7200624783061437,0.7863912054586808,5276,0.7766575007638252,0.7516262566528681,0.8034134007585335,1250,639,1250,4445,3195,556,2780,5.0,785,2780,3.5414012738853504,1311,0.1658498023715415,4e2777feb6a971170725e158ac45ffed,b3aa96b4c67f25411741d25ddf8379d4,False,0,0,,498.9,20261001-084015-654326,Tesla T4,2.1
BC2GM,10%,512,Base,1x,Base@1x,Base-E5,0,1,0.7711753371868978,0.7523308270676692,0.7909881422924901,0.8893241919686581,0.8954635108481263,0.8832684824902723,1028,0.7491082045184305,0.7265791341376863,0.7730791013781386,5297,0.7653186274509804,0.7416864608076009,0.790506329113924,1250,627,1250,1250,0,157,785,5.0,785,2745,1.0,1306,0.1625296442687747,0f19da2d654b4ae2fbb0ec7c890b5da1,17f80393ecf0b3c6643cb85ac4391ed3,False,0,0,,169.6,20261001-084015-654326,Tesla T4,2.1
BC2GM,10%,512,Base,match,Base@match,Base-match,0,1,0.7828318171215303,0.7701958384332925,0.7958893280632411,0.8978993649242795,0.9018645731108931,0.8939688715953308,1028,0.7610504901054188,0.7458763820917165,0.7768548234849915,5297,0.7799442896935933,0.7631738340399757,0.7974683544303798,1250,627,1250,1250,0,157,2745,17.484076433121018,785,2745,3.4968152866242037,1306,0.1625296442687747,0f19da2d654b4ae2fbb0ec7c890b5da1,17f80393ecf0b3c6643cb85ac4391ed3,False,0,0,,462.5,20261001-084015-654326,Tesla T4,2.1
BC2GM,10%,512,Dup,match,Dup@match,Duplicate,0,1,0.7791927143628927,0.7611580217129071,0.798102766798419,0.8876629889669008,0.9161490683229814,0.8608949416342413,1028,0.7594636504606402,0.7347334980585951,0.7859165565414385,5297,0.7683338447376497,0.7456819535437761,0.7924050632911392,1250,627,1250,4385,3135,549,2745,5.0,785,2745,3.4968152866242037,1306,0.1625296442687747,0f19da2d654b4ae2fbb0ec7c890b5da1,bd697c01a093d014de804047697ca21e,False,0,0,,477.3,20261001-084015-654326,Tesla T4,2.1
BC2GM,10%,512,MR,match,MR@match,MR,0,1,0.7594975256947089,0.7324522760646108,0.7886166007905139,0.8851651059635289,0.8971028971028971,0.8735408560311284,1028,0.7365388078516117,0.7040798760543984,0.7721351708514254,5297,0.7455980570734668,0.7164527421236873,0.7772151898734178,1250,627,1250,4385,3135,549,2745,5.0,785,2745,3.4968152866242037,1306,0.1625296442687747,0f19da2d654b4ae2fbb0ec7c890b5da1,d962ec5c19fa4e4eb6b90dc95d044286,False,0,0,,483.0,20261001-084015-654326,Tesla T4,2.1
BC2GM,10%,512,COSINER,match,COSINER@match,COSINER,0,1,0.7778116893026094,0.7516590473381507,0.8058498023715415,0.8875855327468231,0.8919449901768173,0.8832684824902723,1028,0.7575045207956601,0.7268783619642547,0.7908249952803473,5297,0.7650602409638554,0.7298850574712644,0.8037974683544303,1250,627,1250,4385,3135,549,2745,5.0,785,2745,3.4968152866242037,1306,0.1625296442687747,0f19da2d654b4ae2fbb0ec7c890b5da1,a18a06358e74e6bed9a27fa0121b8c62,False,0,0,,479.8,20261001-084015-654326,Tesla T4,2.1
BC2GM,10%,1024,Base,1x,Base@1x,Base-E5,0,1,0.7752198852772465,0.7508148148148148,0.8012648221343873,0.8987854251012146,0.8935599284436494,0.9040723981900453,1105,0.7499078510873571,0.7224786931818182,0.7795019157088122,5220,0.7784352399737015,0.7498416719442685,0.8092959671907041,1250,655,1250,1250,0,157,785,5.0,785,2830,1.0,1309,0.17470355731225296,b59fdfeeff2527cee291c943b929eb49,ba75c7bf9f52cbbdc6f9c8ed3a3d1525,False,0,0,,168.1,20261001-084015-654326,Tesla T4,2.1
BC2GM,10%,1024,Base,match,Base@match,Base-match,0,1,0.7812887236679057,0.7657507211173523,0.7974703557312253,0.9038984587488667,0.9055404178019982,0.902262443438914,1105,0.7560246590696805,0.7376959533357638,0.7752873563218391,5220,0.7898429669228199,0.7725490196078432,0.807928913192071,1250,655,1250,1250,0,157,2830,18.02547770700637,785,2830,3.605095541401274,1309,0.17470355731225296,b59fdfeeff2527cee291c943b929eb49,ba75c7bf9f52cbbdc6f9c8ed3a3d1525,False,0,0,,472.8,20261001-084015-654326,Tesla T4,2.1
BC2GM,10%,1024,Dup,match,Dup@match,Duplicate,0,1,0.7839713105168784,0.7733005229160258,0.7949407114624506,0.8999543170397443,0.9086715867158671,0.8914027149321267,1105,0.7601052829479226,0.7462163159837578,0.7745210727969348,5220,0.8054812834224598,0.7880967952910399,0.82365003417635,1250,655,1250,4525,3275,566,2830,5.0,785,2830,3.605095541401274,1309,0.17470355731225296,b59fdfeeff2527cee291c943b929eb49,02c79e57aa511429506a800ed47b60b3,False,0,0,,482.3,20261001-084015-654326,Tesla T4,2.1
BC2GM,10%,1024,MR,match,MR@match,MR,0,1,0.7683122847301951,0.7446587537091988,0.7935177865612648,0.8996350364963503,0.9070837166513339,0.8923076923076924,1105,0.7418375793249333,0.7134264992039625,0.7726053639846743,5220,0.7810650887573963,0.7523749208359721,0.8120300751879699,1250,655,1250,4525,3275,566,2830,5.0,785,2830,3.605095541401274,1309,0.17470355731225296,b59fdfeeff2527cee291c943b929eb49,8230eab91cef89a69d3df61db2f1d583,False,0,0,,489.5,20261001-084015-654326,Tesla T4,2.1
BC2GM,10%,1024,COSINER,match,COSINER@match,COSINER,0,1,0.768204813736011,0.7455735753608094,0.7922529644268774,0.8960441582336707,0.9111318989710009,0.881447963800905,1105,0.7426416482707874,0.7142604387827318,0.7733716475095785,5220,0.7804241435562806,0.7465667915106118,0.8174982911825017,1250,655,1250,4525,3275,566,2830,5.0,785,2830,3.605095541401274,1309,0.17470355731225296,b59fdfeeff2527cee291c943b929eb49,fefa0a81b891a8f501d48006f52d5b2f,False,0,0,,488.2,20261001-084015-654326,Tesla T4,2.1
BC2GM,10%,2048,Base,1x,Base@1x,Base-E5,0,1,0.7833616823875058,0.7665304887274929,0.8009486166007905,0.8869179600886918,0.8888888888888888,0.8849557522123894,1130,0.761494521958985,0.7414296134208607,0.7826756496631376,5195,0.7772628977448255,0.7601208459214501,0.7951959544879899,1250,655,1250,1250,0,157,785,5.0,785,2830,1.0,1349,0.17865612648221343,cd5c33a9260a7e090b094ea2876920aa,e76ee03d93f9f30a865ccab1a9c61dc7,False,0,0,,171.5,20261001-084015-654326,Tesla T4,2.1
BC2GM,10%,2048,Base,match,Base@match,Base-match,0,1,0.7856482907299045,0.7657211466306468,0.8066403162055336,0.8918439716312058,0.8934280639431617,0.8902654867256637,1130,0.76332463660082,0.7397507675636626,0.7884504331087584,5195,0.770320197044335,0.7509003601440576,0.7907711757269279,1250,655,1250,1250,0,157,2830,18.02547770700637,785,2830,3.605095541401274,1349,0.17865612648221343,cd5c33a9260a7e090b094ea2876920aa,e76ee03d93f9f30a865ccab1a9c61dc7,False,0,0,,484.3,20261001-084015-654326,Tesla T4,2.1
BC2GM,10%,2048,Dup,match,Dup@match,Duplicate,0,1,0.7837185773211923,0.7717657878602084,0.7960474308300395,0.8940133037694014,0.896,0.8920353982300885,1130,0.7602416462148387,0.7458788664567513,0.7751684311838306,5195,0.7751937984496123,0.7608034083992696,0.7901390644753477,1250,655,1250,4525,3275,566,2830,5.0,785,2830,3.605095541401274,1349,0.17865612648221343,cd5c33a9260a7e090b094ea2876920aa,c11565cc72f86f39cc405782525c6503,False,0,0,,498.3,20261001-084015-654326,Tesla T4,2.1
BC2GM,10%,2048,MR,match,MR@match,MR,0,1,0.7673901372804662,0.7451593684837653,0.7909881422924901,0.8845296477931343,0.8912848158131177,0.8778761061946903,1130,0.7430529825861429,0.7161221210498125,0.7720885466794996,5195,0.7590435315757205,0.736904761904762,0.7825537294563844,1250,655,1250,4525,3275,566,2830,5.0,785,2830,3.605095541401274,1349,0.17865612648221343,cd5c33a9260a7e090b094ea2876920aa,9ed4cc87df7eacdffa1674a2799b82d0,False,0,0,,506.2,20261001-084015-654326,Tesla T4,2.1
BC2GM,10%,2048,COSINER,match,COSINER@match,COSINER,0,1,0.7736007962636858,0.75,0.7987351778656127,0.8832807570977917,0.8999081726354453,0.8672566371681416,1130,0.7511529238147944,0.7210908446962989,0.7838306063522618,5195,0.7677261613691931,0.7431952662721893,0.7939317319848294,1250,655,1250,4525,3275,566,2830,5.0,785,2830,3.605095541401274,1349,0.17865612648221343,cd5c33a9260a7e090b094ea2876920aa,c0aab1063a2bb16f0237f5bad38d2251,False,0,0,,504.1,20261001-084015-654326,Tesla T4,2.1
BC2GM,10%,4096,Base,1x,Base@1x,Base-E5,0,1,0.7632006184770005,0.7467473524962178,0.7803952569169961,0.8811563169164881,0.8906926406926406,0.871822033898305,944,0.74329086473299,0.7233556102708406,0.7643560676454191,5381,0.7685733070348455,0.7635532331809275,0.7736598279285242,1250,611,1250,1250,0,157,785,5.0,785,2695,1.0,1272,0.1492490118577075,716b0bae966f7a88d45e7c69286afc08,675cad8ec2aab6e0fea031cdbd2643e8,False,0,0,,171.0,20261001-084015-654326,Tesla T4,2.1
BC2GM,10%,4096,Base,match,Base@match,Base-match,0,1,0.7780614218302776,0.7617388670099969,0.795098814229249,0.885699096225412,0.8890074706510138,0.8824152542372882,944,0.7597320296940069,0.7406884377758164,0.7797807099052221,5381,0.7818361303060217,0.7774869109947644,0.786234281932495,1250,611,1250,1250,0,157,2695,17.1656050955414,785,2695,3.43312101910828,1272,0.1492490118577075,716b0bae966f7a88d45e7c69286afc08,675cad8ec2aab6e0fea031cdbd2643e8,False,0,0,,463.2,20261001-084015-654326,Tesla T4,2.1
BC2GM,10%,4096,Dup,match,Dup@match,Duplicate,0,1,0.7679575265459089,0.7585994138516119,0.7775494071146245,0.8862911795961743,0.8891257995735607,0.8834745762711864,944,0.7475745927146257,0.7365193868349865,0.7589667348076565,5381,0.7761589403973509,0.776673293571902,0.7756452680344142,1250,611,1250,4305,3055,539,2695,5.0,785,2695,3.43312101910828,1272,0.1492490118577075,716b0bae966f7a88d45e7c69286afc08,95144d3713b0e9bc15fdee9c54c4d527,False,0,0,,467.9,20261001-084015-654326,Tesla T4,2.1
BC2GM,10%,4096,MR,match,MR@match,MR,0,1,0.7577206161317248,0.7284797198716079,0.789407114624506,0.8840425531914894,0.8878205128205128,0.8802966101694916,944,0.736702363040977,0.7032781345049003,0.773462181750604,5381,0.7568777991042865,0.7325077399380805,0.7829252150893448,1250,611,1250,4305,3055,539,2695,5.0,785,2695,3.43312101910828,1272,0.1492490118577075,716b0bae966f7a88d45e7c69286afc08,c8166332dff024261049cd05c32b9172,False,0,0,,474.5,20261001-084015-654326,Tesla T4,2.1
BC2GM,10%,4096,COSINER,match,COSINER@match,COSINER,0,1,0.7634243633016263,0.741469229623007,0.7867193675889328,0.8831030818278428,0.8859275053304904,0.8802966101694916,944,0.7432311278465126,0.7179975749177204,0.770302917673295,5381,0.7607717041800643,0.7398373983739838,0.7829252150893448,1250,611,1250,4305,3055,539,2695,5.0,785,2695,3.43312101910828,1272,0.1492490118577075,716b0bae966f7a88d45e7c69286afc08,e855a1b0642842f3aeaff8012acda2f3,False,0,0,,471.6,20261001-084015-654326,Tesla T4,2.1
BC2GM,10%,8192,Base,1x,Base@1x,Base-E5,0,1,0.7672539816880819,0.7473021582733813,0.788300395256917,0.8844884488448845,0.894184938036225,0.875,1072,0.7443913203383598,0.7199004090343233,0.7706072720350277,5253,0.7823108066023046,0.7561709813365443,0.8103225806451613,1250,632,1250,1250,0,157,785,5.0,785,2760,1.0,1293,0.16948616600790514,6a59f70c96e800dac340844619055a01,b717ff93ae6181b3daa5961e22bf6124,False,0,0,,171.4,20261001-084015-654326,Tesla T4,2.1
BC2GM,10%,8192,Base,match,Base@match,Base-match,0,1,0.7700633987938765,0.7535179300953245,0.7873517786561265,0.8905519176800748,0.8930581613508443,0.8880597014925373,1072,0.7462022971470916,0.7266823020025257,0.7667999238530364,5253,0.782608695652174,0.7595628415300546,0.8070967741935484,1250,632,1250,1250,0,157,2760,17.579617834394906,785,2760,3.515923566878981,1293,0.16948616600790514,6a59f70c96e800dac340844619055a01,b717ff93ae6181b3daa5961e22bf6124,False,0,0,,471.6,20261001-084015-654326,Tesla T4,2.1
BC2GM,10%,8192,Dup,match,Dup@match,Duplicate,0,1,0.7712774233701571,0.7592280594271711,0.7837154150197628,0.8840304182509505,0.9011627906976745,0.8675373134328358,1072,0.7492093023255814,0.7325814080407494,0.7666095564439368,5253,0.7935808684707363,0.7745700245700246,0.8135483870967742,1250,632,1250,4410,3160,552,2760,5.0,785,2760,3.515923566878981,1293,0.16948616600790514,6a59f70c96e800dac340844619055a01,6a8be89cb28ba354a2d4b7eacf8ac86a,False,0,0,,487.4,20261001-084015-654326,Tesla T4,2.1
BC2GM,10%,8192,MR,match,MR@match,MR,0,1,0.7602687433195907,0.7351247600767754,0.7871936758893281,0.8757009345794392,0.8773408239700374,0.8740671641791045,1072,0.7377258623836467,0.708501314636284,0.7694650675804302,5253,0.767664301141623,0.735659373151981,0.8025806451612904,1250,632,1250,4410,3160,552,2760,5.0,785,2760,3.515923566878981,1293,0.16948616600790514,6a59f70c96e800dac340844619055a01,58007c62a5c4788f70dbed8048ac9d7a,False,0,0,,495.9,20261001-084015-654326,Tesla T4,2.1
BC2GM,10%,8192,COSINER,match,COSINER@match,COSINER,0,1,0.7743220468821818,0.7510774260662803,0.7990513833992094,0.8833333333333334,0.8768382352941176,0.8899253731343284,1072,0.7527079126124472,0.726821485552207,0.7805063773082048,5253,0.7871287128712872,0.7562425683709869,0.8206451612903226,1250,632,1250,4410,3160,552,2760,5.0,785,2760,3.515923566878981,1293,0.16948616600790514,6a59f70c96e800dac340844619055a01,646eccdab85148584efbc4fa4a1681cb,False,0,0,,490.9,20261001-084015-654326,Tesla T4,2.1
BC2GM,10%,16384,Base,1x,Base@1x,Base-E5,0,1,0.7660234054095947,0.7512921860747948,0.7813438735177866,0.8654327163581792,0.8641358641358642,0.8667334669338678,998,0.7477989728539984,0.7310381925766541,0.7653463487891872,5327,0.778207607994842,0.7639240506329114,0.7930354796320631,1250,623,1250,1250,0,157,785,5.0,785,2730,1.0,1266,0.15778656126482213,4b9366f4cf8a5b6865561ff70c8c30ee,24c6fca13c066ed7d420b5659fa05324,False,0,0,,171.2,20261001-084015-654326,Tesla T4,2.1
BC2GM,10%,16384,Base,match,Base@match,Base-match,0,1,0.7836797536566589,0.7636909227306826,0.8047430830039526,0.890115403913698,0.8914572864321608,0.8887775551102205,998,0.7643902882604346,0.7412698412698413,0.7889994368312371,5327,0.7951030927835052,0.7800252844500632,0.8107752956636005,1250,623,1250,1250,0,157,2730,17.388535031847134,785,2730,3.477707006369427,1266,0.15778656126482213,4b9366f4cf8a5b6865561ff70c8c30ee,24c6fca13c066ed7d420b5659fa05324,False,0,0,,468.8,20261001-084015-654326,Tesla T4,2.1
BC2GM,10%,16384,Dup,match,Dup@match,Duplicate,0,1,0.7719568567026194,0.7528174305033809,0.792094861660079,0.869873417721519,0.8792221084953941,0.8607214428857716,998,0.7543843707405724,0.7310672772102853,0.7792378449408672,5327,0.7886414972571798,0.7748890298034242,0.8028909329829172,1250,623,1250,4365,3115,546,2730,5.0,785,2730,3.477707006369427,1266,0.15778656126482213,4b9366f4cf8a5b6865561ff70c8c30ee,2cb7c948a214d43fc4ee225ced3ea321,False,0,0,,485.7,20261001-084015-654326,Tesla T4,2.1
BC2GM,10%,16384,MR,match,MR@match,MR,0,1,0.7646392142047601,0.7322720694645442,0.8,0.8836272040302268,0.8885511651469098,0.8787575150300602,998,0.7436444444444444,0.7062299510383252,0.7852449784118641,5327,0.7762413576367064,0.7439759036144579,0.8114323258869908,1250,623,1250,4365,3115,546,2730,5.0,785,2730,3.477707006369427,1266,0.15778656126482213,4b9366f4cf8a5b6865561ff70c8c30ee,05e9eca61fc17f1c70e6658084f78f91,False,0,0,,489.9,20261001-084015-654326,Tesla T4,2.1
BC2GM,10%,16384,COSINER,match,COSINER@match,COSINER,0,1,0.7680596787698866,0.7406048150322959,0.7976284584980237,0.8786653185035389,0.886734693877551,0.8707414829659319,998,0.7484541625593691,0.7160493827160493,0.7839309179650835,5327,0.7800568002524455,0.7504553734061931,0.812089356110381,1250,623,1250,4365,3115,546,2730,5.0,785,2730,3.477707006369427,1266,0.15778656126482213,4b9366f4cf8a5b6865561ff70c8c30ee,2a929f95121973b4598de01e4fec0d48,False,0,0,,492.6,20261001-084015-654326,Tesla T4,2.1
BC2GM,10%,32768,Base,1x,Base@1x,Base-E5,0,1,0.7673971549404076,0.7470059880239521,0.7889328063241107,0.8725348725348725,0.8900883218842002,0.8556603773584905,1060,0.7473915431081823,0.721250662427133,0.7754985754985755,5265,0.7721046077210462,0.7551766138855055,0.7898089171974523,1250,642,1250,1250,0,157,785,5.0,785,2790,1.0,1313,0.16758893280632411,232ce2a31b7df5fb669ce2944fced94c,3401959bfc7d94168ba45ec2998a0c59,False,0,0,,173.1,20261001-084015-654326,Tesla T4,2.1
BC2GM,10%,32768,Base,match,Base@match,Base-match,0,1,0.7765306912299713,0.7606915377616015,0.7930434782608695,0.8784238346948583,0.8952007835455436,0.8622641509433963,1060,0.7569662299317217,0.736048806746815,0.7791073124406458,5265,0.778405524168236,0.7673267326732673,0.7898089171974523,1250,642,1250,1250,0,157,2790,17.770700636942674,785,2790,3.554140127388535,1313,0.16758893280632411,232ce2a31b7df5fb669ce2944fced94c,3401959bfc7d94168ba45ec2998a0c59,False,0,0,,482.5,20261001-084015-654326,Tesla T4,2.1
BC2GM,10%,32768,Dup,match,Dup@match,Duplicate,0,1,0.7786164500817057,0.7666258044744101,0.7909881422924901,0.8767908309455588,0.8878143133462283,0.8660377358490566,1060,0.759505438319234,0.7438091769847051,0.7758784425451092,5265,0.770872567482737,0.7599009900990099,0.7821656050955414,1250,642,1250,4460,3210,558,2790,5.0,785,2790,3.554140127388535,1313,0.16758893280632411,232ce2a31b7df5fb669ce2944fced94c,5db58c8d7293497d2ec6d136ec0ed392,False,0,0,,497.6,20261001-084015-654326,Tesla T4,2.1
BC2GM,10%,32768,MR,match,MR@match,MR,0,1,0.7663862999166479,0.7358847497089639,0.7995256916996047,0.8653940283896232,0.8992878942014242,0.8339622641509434,1060,0.7482517482517482,0.7086092715231788,0.7925925925925926,5265,0.7550644567219152,0.7286729857819905,0.7834394904458599,1250,642,1250,4460,3210,558,2790,5.0,785,2790,3.554140127388535,1313,0.16758893280632411,232ce2a31b7df5fb669ce2944fced94c,19fb17a6be65a75b4f4d9b0f89c6c731,False,0,0,,506.5,20261001-084015-654326,Tesla T4,2.1
BC2GM,10%,32768,COSINER,match,COSINER@match,COSINER,0,1,0.7742572752830332,0.7453188999414863,0.8055335968379447,0.8775607432110527,0.8864292589027911,0.8688679245283019,1060,0.7546555776532272,0.7200276004830084,0.7927825261158594,5265,0.7656441717791411,0.7384615384615385,0.7949044585987262,1250,642,1250,4460,3210,558,2790,5.0,785,2790,3.554140127388535,1313,0.16758893280632411,232ce2a31b7df5fb669ce2944fced94c,fe218944bed3271102ed563d60922bdd,False,0,0,,501.6,20261001-084015-654326,Tesla T4,2.1
