corpus,few_shot,comparison,budget,steps,n,d,sd,ci95_lo,ci95_hi,ci90_lo,ci90_hi,p_diff,p_tost,p_diff_t,p_tost_t,pos,p_diff_holm
BC2GM,2%,COSINER - Base,1x,160.0,10,-1.835712647038159,1.9450052202516626,-3.227085563528558,-0.4443397305477601,-2.9631956218039823,-0.708229672272336,0.037109375,0.9033203125,0.015335059035483965,0.8963482735620506,2,0.1484375
BC2GM,2%,COSINER - Base,2x,320.0,10,-0.9420107589904869,1.013141067939087,-1.6667682186811148,-0.21725329929985904,-1.5293095966715415,-0.3547119213094324,0.02734375,0.5,0.016479731000830614,0.43018917761283076,2,0.13671875
BC2GM,2%,COSINER - Base,match,558.0,10,-0.1681462233161657,0.6945682327423437,-0.665010405288518,0.3287179586561865,-0.5707743751978618,0.23448192856553046,0.921875,0.0048828125,0.463548021928333,0.002150165072755801,4,1.0
BC2GM,2%,COSINER - Base,8x,1280.0,10,0.3525454448188925,1.0692257231050633,-0.412332560264691,1.117423449902476,-0.26726461349377983,0.9723555031315648,0.431640625,0.052734375,0.3242994894061122,0.04388714572482731,6,1.0
BC2GM,2%,COSINER - Base,16x,2560.0,10,-0.24324246400861838,1.2122070879037685,-1.110403175828594,0.6239182478113572,-0.9459361325248988,0.4594512045076621,0.431640625,0.0419921875,0.5415170421160465,0.03990380890457995,3,1.0
BC2GM,2%,MR - Base,1x,160.0,10,-1.8491743874348145,1.2098822869511894,-2.7146720368383144,-0.9836767380313147,-2.5505204125275913,-1.1478283623420378,0.00390625,0.9677734375,0.0009297615907210107,0.9731958040543225,1,0.015625
BC2GM,2%,MR - Base,2x,320.0,10,-1.2187575973394038,0.7815080816406438,-1.7778148006267378,-0.6597003940520698,-1.6717831458146493,-0.7657320488641584,0.001953125,0.75390625,0.0008116036083696876,0.8004533885987637,0,0.009765625
BC2GM,2%,MR - Base,match,558.0,10,-0.0720907251687708,0.6940275762098373,-0.5685681447568269,0.4243866944192853,-0.4744054686188341,0.3302240182812925,0.921875,0.0029296875,0.7500659911601391,0.0011066683444117425,6,1.0
BC2GM,2%,MR - Base,8x,1280.0,10,-0.2508449925651357,1.0118004969021097,-0.9746434655064938,0.4729534803762224,-0.8373667264086692,0.33567674127839775,0.431640625,0.0244140625,0.45318435017859116,0.02195949658075438,5,1.0
BC2GM,2%,MR - Base,16x,2560.0,10,-0.05661839605476833,1.4547030769527403,-1.0972502883153987,0.984013496205862,-0.8998824323288992,0.7866456402193625,1.0,0.0419921875,0.9047494110671981,0.035263972802196966,5,1.0
BC5CDR-Chem,2%,COSINER - Base,1x,65.0,10,-0.9802236324583701,0.891859535229998,-1.6182215101567003,-0.3422257547600398,-1.4972178448051494,-0.46322942011159063,0.01953125,0.5390625,0.0069869210330941655,0.47281523254194735,1,0.09765625
BC5CDR-Chem,2%,COSINER - Base,2x,130.0,10,-0.11183784960249077,1.0400341391456132,-0.8558334535039432,0.6321577542989617,-0.7147260952752625,0.491050396070281,0.625,0.013671875,0.7416215335983192,0.01218680507132427,3,1.0
BC5CDR-Chem,2%,COSINER - Base,match,257.5,10,0.015552531538661762,0.8088045183546632,-0.5630313662609197,0.5941364293382432,-0.4532962483327685,0.484401311410092,0.921875,0.0048828125,0.9528413832683321,0.0019561180831716763,5,1.0
BC5CDR-Chem,2%,COSINER - Base,8x,520.0,10,-0.2211102429255818,0.9945542112362156,-0.932571466313195,0.4903509804620314,-0.7976346290685639,0.3554141432174003,0.556640625,0.0185546875,0.49981081243539327,0.017594962892426843,3,1.0
BC5CDR-Chem,2%,COSINER - Base,16x,1040.0,10,-0.28767868704989263,0.9570532727943821,-0.9723133551420966,0.39695598104231133,-0.8424644839126683,0.267107109812883,0.375,0.0244140625,0.3666629132946809,0.021523846082894416,4,1.0
BC5CDR-Chem,2%,MR - Base,1x,65.0,10,-0.7410272147957431,0.996373748829906,-1.4537900569667082,-0.02826437262477799,-1.3186063526882177,-0.16344807690326857,0.02734375,0.3125,0.04317316958319265,0.2161772164937807,1,0.13671875
BC5CDR-Chem,2%,MR - Base,2x,130.0,10,-0.1348262788055321,0.8746588569687657,-0.7605195325220063,0.4908669749109421,-0.6418495812071677,0.3721970235961035,0.76953125,0.009765625,0.6375882773891055,0.006080561801294348,5,1.0
BC5CDR-Chem,2%,MR - Base,match,257.5,10,-0.3355308575355842,1.072305865006441,-1.1026122633997424,0.431550548328574,-0.9571264162250714,0.28606470115390303,0.431640625,0.052734375,0.3482755444407737,0.04085180180136965,4,1.0
BC5CDR-Chem,2%,MR - Base,8x,520.0,10,-0.11690333262077135,1.0714230065982449,-0.8833531796256167,0.649546514384074,-0.7379871148821001,0.5041804496405574,0.6953125,0.009765625,0.7379929509864831,0.014218209740815354,4,1.0
BC5CDR-Chem,2%,MR - Base,16x,1040.0,10,-0.43411086851961045,0.8388679787726112,-1.0342008703470782,0.16597913330785719,-0.9203868714292374,0.05216513439001652,0.16015625,0.0322265625,0.13616955326390368,0.03084832897550788,3,0.640625
NCBI-Disease,2%,COSINER - Base,1x,70.0,10,2.3301168634503964,2.407112776261808,0.6081721154587463,4.0520616114420465,0.9347588225988026,3.72547490430199,0.01953125,0.9580078125,0.013546926211981924,0.9427447995846561,8,0.09765625
NCBI-Disease,2%,COSINER - Base,2x,140.0,10,0.8363869975148063,1.3899058755659544,-0.15789176924506954,1.830665764274682,0.030684681186404217,1.6420893138432082,0.10546875,0.65234375,0.08946848152102237,0.3591612032462057,8,0.2109375
NCBI-Disease,2%,COSINER - Base,match,251.5,10,1.4061820844616157,1.8768433387638088,0.06356924061871161,2.7487949283045197,0.31821127146552675,2.4941528974577047,0.02734375,0.65234375,0.041959511330150814,0.7445118137443758,8,0.09765625
NCBI-Disease,2%,COSINER - Base,8x,560.0,10,1.2925249683780113,1.4576366056377925,0.2497945561136139,2.335255380642409,0.4475604206533479,2.137489516102675,0.01953125,0.75390625,0.0205752009832509,0.7292647568917601,8,0.09765625
NCBI-Disease,2%,COSINER - Base,16x,1120.0,10,0.585134036374597,2.2289895922549197,-1.0093890618210941,2.179657134570288,-0.7069693420792985,1.8772374148284925,0.275390625,0.4609375,0.42793414580461264,0.28531107242112486,7,0.275390625
NCBI-Disease,2%,MR - Base,1x,70.0,10,2.8196495187222737,2.3830082745615386,1.1149480924873187,4.524350944957229,1.438264404523674,4.201034632920873,0.005859375,0.9755859375,0.0046133351400482825,0.9805259833750972,9,0.0234375
NCBI-Disease,2%,MR - Base,2x,140.0,10,1.679761114471957,2.0410229426305193,0.21970125718057143,3.139820971763343,0.49661847045139274,2.8629037584925214,0.037109375,0.8837890625,0.0286181322909088,0.8401473297366887,8,0.111328125
NCBI-Disease,2%,MR - Base,match,251.5,10,1.9264922006881644,2.8650146775774488,-0.12301583467482091,3.9760002360511497,0.2656970327426471,3.5872873686336817,0.275390625,0.75390625,0.06238770511485534,0.8334065477432127,5,0.275390625
NCBI-Disease,2%,MR - Base,8x,560.0,10,2.356329023901167,0.9105625965480459,1.7049517821258475,3.0077062656764864,1.8284929983846665,2.8841650494176676,0.001953125,0.998046875,1.8462722270575793e-05,0.9994480330121388,10,0.009765625
NCBI-Disease,2%,MR - Base,16x,1120.0,10,1.0667863839609626,1.3260965209551339,0.11815407968859615,2.015418688233329,0.2980731513663236,1.8354996165556017,0.037109375,0.4609375,0.03150782350161871,0.5615104919610691,8,0.111328125
