comparison,level,est,se,ci95_lo,ci95_hi,seed_var,resid_var
Base@match vs Base@1x,NCBI-Disease,2.3864766094115613,0.4663872845060912,1.4723575317796227,3.3005956870435,1.4981333849069254,2.0311128197481914
Base@match vs Base@1x,BC5CDR-Chem,0.5627994790204038,0.07740087814634575,0.41109375785356617,0.7145052001872415,0.0007196307166061882,0.1775679859849454
Base@match vs Base@1x,BC2GM,1.192084473258368,0.11837325419701845,0.9600728950322118,1.4240960514845242,0.05323771515570015,0.2606536738086576
Base@match vs Base@1x,ALL (descriptive),1.3804535205634443,0.16081616708998622,1.0652538330670713,1.6956532080598172,0.4936384800973462,0.8466501234842541
MR@match vs Base@match,NCBI-Disease,1.0226561278982467,0.4940021179007847,0.05441197681270871,1.9909002789837846,1.254448732424414,3.557796577440585
MR@match vs Base@match,BC5CDR-Chem,-0.4043873669466326,0.15130874396516733,-0.7009525051183605,-0.1078222287749046,0.043676093375663395,0.5558017998825067
MR@match vs Base@match,BC2GM,-0.7208576991924406,0.12016463157291934,-0.9563803770753625,-0.48533502130951867,2.0983358557192065e-09,0.4331861541366558
MR@match vs Base@match,ALL (descriptive),-0.03419631274694186,0.1764852046433051,-0.38010731384781987,0.3117146883539362,0.42747050672271947,1.5208209510508768
COSINER@match vs Base@match,NCBI-Disease,0.8727943674527453,0.44414741705781596,0.002265430019426029,1.7433233048860646,1.414168157374315,1.6755033702509374
COSINER@match vs Base@match,BC5CDR-Chem,-0.155945505694182,0.12435467913893655,-0.39968067680649766,0.08778966541813363,6.899767893190035e-10,0.4639225846425056
COSINER@match vs Base@match,BC2GM,-0.3421934999072724,0.1391852422779046,-0.6149965747719655,-0.06939042504257936,0.0002935009547586101,0.5802954471744945
COSINER@match vs Base@match,ALL (descriptive),0.12488512061709678,0.15917968909548086,-0.18710707001004567,0.43687731124423923,0.45119666887025034,0.9268456012373049
MR@match vs Base@1x,NCBI-Disease,3.4091327373098075,0.4256460864145749,2.5748664079372405,4.243399066682374,0.1864185255799344,4.875982149661512
MR@match vs Base@1x,BC5CDR-Chem,0.15841211207377148,0.14734117127986493,-0.1303765836347638,0.44720080778230675,0.10306620298126014,0.34208401367989416
MR@match vs Base@1x,BC2GM,0.47122677406592656,0.12723791613478327,0.22184045844175135,0.7206130896901017,0.02530754258100275,0.40976199132665614
MR@match vs Base@1x,ALL (descriptive),1.346257207816502,0.15601469828325862,1.0404683991813153,1.6520460164516888,0.10489098887021021,1.875979780626829
