corpus,few_shot,method,d_precision,d_recall,d_f1
NCBI-Disease,2%,MR@match,0.24069075675586915,3.7916666666666656,1.9264922006881644
NCBI-Disease,2%,COSINER@match,-0.30095875627797697,3.3020833333333357,1.4061820844616157
NCBI-Disease,5%,MR@match,-0.53258466790437,2.8020833333333313,1.0452669862184394
NCBI-Disease,5%,COSINER@match,-0.920132683699587,3.3020833333333344,1.0561550604608394
NCBI-Disease,10%,MR@match,-0.9198445379247323,1.25,0.09620919678813729
NCBI-Disease,10%,COSINER@match,-0.793384420829707,1.2187500000000018,0.15604595743577976
BC5CDR-Chem,2%,MR@match,-2.7200438889037235,2.2228412256267425,-0.3355308575355842
BC5CDR-Chem,2%,COSINER@match,-1.6686712646091493,1.7530176415970302,0.015552531538661762
BC5CDR-Chem,5%,MR@match,-1.47975679557386,0.5701021355617508,-0.4825168156120874
BC5CDR-Chem,5%,COSINER@match,-1.4982226047135438,0.7799442896935993,-0.396509190412695
BC5CDR-Chem,10%,MR@match,-1.3634603138160084,0.6518105849582112,-0.3951144276922258
BC5CDR-Chem,10%,COSINER@match,-0.8365928862965454,0.7223769730733531,-0.08687985820851285
BC2GM,2%,MR@match,-0.9655530274427526,1.0735177865612666,-0.0720907251687708
BC2GM,2%,COSINER@match,-1.2189226529030484,1.1620553359683816,-0.1681462233161657
BC2GM,5%,MR@match,-1.5110723393895953,0.6545454545454567,-0.5063343572274347
BC2GM,5%,COSINER@match,-1.3367705199508784,1.4260869565217416,-0.06267105902083125
BC2GM,10%,MR@match,-2.7250205452888485,-0.29407114624505626,-1.5841480151811158
BC2GM,10%,COSINER@match,-1.656455704961536,0.164426877470355,-0.7957632173848206
