corpus,few_shot,method,lex,cand_mean,cand_min,target,made,failed,sent_short,rep_per_copy,frac_repl,abs_dlen
BC2GM,10%,COSINER,1302.4,1318.7,1264.0,3188.0,3188.0,0,0,2.3736729504814265,1.0,1.6511126414928694
BC2GM,10%,MR,1302.4,1318.7,1264.0,3188.0,3188.0,0,0,2.3736729504814265,1.0,1.872643228029797
BC2GM,2%,COSINER,286.6,287.3,215.0,638.5,638.5,0,0,2.4191137331285395,1.0,1.6668847725924114
BC2GM,2%,MR,286.6,287.3,215.0,638.5,638.5,0,0,2.4191137331285395,1.0,1.8729882056901261
BC2GM,5%,COSINER,690.0,694.9,610.0,1603.5,1603.5,0,0,2.400253478974574,1.0,1.6670314146833867
BC2GM,5%,MR,690.0,694.9,610.0,1603.5,1603.5,0,0,2.400253478974574,1.0,1.8475952057317304
BC5CDR-Chem,10%,COSINER,315.8,333.7,308.0,1531.0,1531.0,0,0,1.7085861590840132,1.0,0.22110576855824945
BC5CDR-Chem,10%,MR,315.8,333.7,308.0,1531.0,1531.0,0,0,1.7085861590840132,1.0,0.23340443650351905
BC5CDR-Chem,2%,COSINER,84.4,84.7,75.0,304.0,304.0,0,0,1.7327579894844345,1.0,0.20048147134689773
BC5CDR-Chem,2%,MR,84.4,84.7,75.0,304.0,304.0,0,0,1.7327579894844345,1.0,0.22640184177277206
BC5CDR-Chem,5%,COSINER,185.2,190.6,173.0,765.0,765.0,0,0,1.714282421425183,1.0,0.2012380038605483
BC5CDR-Chem,5%,MR,185.2,190.6,173.0,765.0,765.0,0,0,1.714282421425183,1.0,0.22336703576076763
NCBI-Disease,10%,COSINER,311.0,318.4,294.0,1449.0,1449.0,0,0,1.7389733425499219,1.0,1.5054668641944113
NCBI-Disease,10%,MR,311.0,318.4,294.0,1449.0,1449.0,0,0,1.7389733425499219,1.0,1.6733000164595109
NCBI-Disease,2%,COSINER,86.4,86.2,71.0,291.5,291.5,0,0,1.7860493316476032,1.0,1.5536185069287693
NCBI-Disease,2%,MR,86.4,86.2,71.0,291.5,291.5,0,0,1.7860493316476032,1.0,1.6823134355752245
NCBI-Disease,5%,COSINER,183.4,185.6,163.0,721.5,721.5,0,0,1.7518268494034792,1.0,1.5745365799605011
NCBI-Disease,5%,MR,183.4,185.6,163.0,721.5,721.5,0,0,1.7518268494034792,1.0,1.7198706003033721
