corpus,few_shot,config,seed,session_r0,session_r1,gpu_r0,gpu_r1,f1_r0,f1_r1,abs_diff_f1
BC2GM,2%,Base@match,64,20261001-083708-9ceaa7,20261001-083708-9ceaa7,Tesla T4,Tesla T4,0.6767517121998945,0.6767517121998945,0.0
BC2GM,2%,MR@match,64,20261001-083708-9ceaa7,20261001-083708-9ceaa7,Tesla T4,Tesla T4,0.6768262144952422,0.6768262144952422,0.0
BC2GM,2%,Base@match,128,20261001-083708-9ceaa7,20261001-083708-9ceaa7,Tesla T4,Tesla T4,0.6781349026708917,0.6781349026708917,0.0
BC2GM,2%,MR@match,128,20261001-083708-9ceaa7,20261001-083708-9ceaa7,Tesla T4,Tesla T4,0.6829792130091278,0.6829792130091278,0.0
BC2GM,2%,Base@match,256,20261001-083708-9ceaa7,20261001-083708-9ceaa7,Tesla T4,Tesla T4,0.6895938333827454,0.6895938333827454,0.0
BC2GM,2%,MR@match,256,20261001-083708-9ceaa7,20261001-083708-9ceaa7,Tesla T4,Tesla T4,0.6750899875119372,0.6750899875119372,0.0
BC5CDR-Chem,2%,Base@match,64,20261001-083246-0a70ea,20261001-083246-0a70ea,Tesla T4,Tesla T4,0.8508344923504867,0.8508344923504867,0.0
BC5CDR-Chem,2%,MR@match,64,20261001-083246-0a70ea,20261001-083246-0a70ea,Tesla T4,Tesla T4,0.8305841924398626,0.8305841924398626,0.0
BC5CDR-Chem,2%,Base@match,128,20261001-083246-0a70ea,20261001-083246-0a70ea,Tesla T4,Tesla T4,0.8748924782567141,0.8748924782567141,0.0
BC5CDR-Chem,2%,MR@match,128,20261001-083246-0a70ea,20261001-083246-0a70ea,Tesla T4,Tesla T4,0.8747580868122753,0.8747580868122753,0.0
BC5CDR-Chem,2%,Base@match,256,20261001-083246-0a70ea,20261001-083246-0a70ea,Tesla T4,Tesla T4,0.8884469354547099,0.8884469354547099,0.0
BC5CDR-Chem,2%,MR@match,256,20261001-083246-0a70ea,20261001-083246-0a70ea,Tesla T4,Tesla T4,0.8709816426786177,0.8709816426786177,0.0
NCBI-Disease,2%,Base@match,64,20261001-082642-b4be1f,20261001-082642-b4be1f,Tesla T4,Tesla T4,0.7229800629590766,0.7229800629590766,0.0
NCBI-Disease,2%,MR@match,64,20261001-082642-b4be1f,20261001-082642-b4be1f,Tesla T4,Tesla T4,0.774703557312253,0.774703557312253,0.0
NCBI-Disease,2%,Base@match,128,20261001-082642-b4be1f,20261001-082642-b4be1f,Tesla T4,Tesla T4,0.7409669211195927,0.7409669211195927,0.0
NCBI-Disease,2%,MR@match,128,20261001-082642-b4be1f,20261001-082642-b4be1f,Tesla T4,Tesla T4,0.7324364723467861,0.7324364723467861,0.0
NCBI-Disease,2%,Base@match,256,20261001-082642-b4be1f,20261001-082642-b4be1f,Tesla T4,Tesla T4,0.7527329515877148,0.7527329515877148,0.0
NCBI-Disease,2%,MR@match,256,20261001-082642-b4be1f,20261001-082642-b4be1f,Tesla T4,Tesla T4,0.7509100364014561,0.7509100364014561,0.0
