corpus,few_shot,seed,n_few,n_elig,s_base5,s_aug5,epochs_eff|Base@1x,epochs_eff|Base@match,epochs_eff|MR@match,n_steps|Base@1x,n_steps|Base@match,n_steps|MR@match,n_train|Base@1x,n_train|Base@match,n_train|MR@match,ratio
BC2GM,10%,64,1250,668,785,2870,5.0,18.280254777070063,5.0,785,2870,2870,1250,1250,4590,3.656050955414013
BC2GM,10%,128,1250,624,785,2735,5.0,17.420382165605094,5.0,785,2735,2735,1250,1250,4370,3.484076433121019
BC2GM,10%,256,1250,639,785,2780,5.0,17.70700636942675,5.0,785,2780,2780,1250,1250,4445,3.5414012738853504
BC2GM,10%,512,1250,627,785,2745,5.0,17.484076433121018,5.0,785,2745,2745,1250,1250,4385,3.4968152866242037
BC2GM,10%,1024,1250,655,785,2830,5.0,18.02547770700637,5.0,785,2830,2830,1250,1250,4525,3.605095541401274
BC2GM,10%,2048,1250,655,785,2830,5.0,18.02547770700637,5.0,785,2830,2830,1250,1250,4525,3.605095541401274
BC2GM,10%,4096,1250,611,785,2695,5.0,17.1656050955414,5.0,785,2695,2695,1250,1250,4305,3.43312101910828
BC2GM,10%,8192,1250,632,785,2760,5.0,17.579617834394906,5.0,785,2760,2760,1250,1250,4410,3.515923566878981
BC2GM,10%,16384,1250,623,785,2730,5.0,17.388535031847134,5.0,785,2730,2730,1250,1250,4365,3.477707006369427
BC2GM,10%,32768,1250,642,785,2790,5.0,17.770700636942674,5.0,785,2790,2790,1250,1250,4460,3.554140127388535
BC2GM,2%,64,250,136,160,585,5.0,18.28125,5.0,160,585,585,250,250,930,3.65625
BC2GM,2%,128,250,108,160,495,5.0,15.46875,5.0,160,495,495,250,250,790,3.09375
BC2GM,2%,256,250,130,160,565,5.0,17.65625,5.0,160,565,565,250,250,900,3.53125
BC2GM,2%,512,250,120,160,535,5.0,16.71875,5.0,160,535,535,250,250,850,3.34375
BC2GM,2%,1024,250,131,160,570,5.0,17.8125,5.0,160,570,570,250,250,905,3.5625
BC2GM,2%,2048,250,142,160,600,5.0,18.75,5.0,160,600,600,250,250,960,3.75
BC2GM,2%,4096,250,120,160,535,5.0,16.71875,5.0,160,535,535,250,250,850,3.34375
BC2GM,2%,8192,250,129,160,560,5.0,17.5,5.0,160,560,560,250,250,895,3.5
BC2GM,2%,16384,250,125,160,550,5.0,17.1875,5.0,160,550,550,250,250,875,3.4375
BC2GM,2%,32768,250,136,160,585,5.0,18.28125,5.0,160,585,585,250,250,930,3.65625
BC2GM,5%,64,625,337,395,1445,5.0,18.29113924050633,5.0,395,1445,1445,625,625,2310,3.6582278481012658
BC2GM,5%,128,625,301,395,1335,5.0,16.89873417721519,5.0,395,1335,1335,625,625,2130,3.3797468354430378
BC2GM,5%,256,625,332,395,1430,5.0,18.10126582278481,5.0,395,1430,1430,625,625,2285,3.6202531645569622
BC2GM,5%,512,625,311,395,1365,5.0,17.27848101265823,5.0,395,1365,1365,625,625,2180,3.4556962025316458
BC2GM,5%,1024,625,320,395,1395,5.0,17.658227848101266,5.0,395,1395,1395,625,625,2225,3.5316455696202533
BC2GM,5%,2048,625,342,395,1460,5.0,18.481012658227847,5.0,395,1460,1460,625,625,2335,3.6962025316455698
BC2GM,5%,4096,625,294,395,1310,5.0,16.582278481012658,5.0,395,1310,1310,625,625,2095,3.3164556962025316
BC2GM,5%,8192,625,329,395,1420,5.0,17.974683544303797,5.0,395,1420,1420,625,625,2270,3.5949367088607596
BC2GM,5%,16384,625,310,395,1360,5.0,17.21518987341772,5.0,395,1360,1360,625,625,2175,3.4430379746835444
BC2GM,5%,32768,625,331,395,1425,5.0,18.037974683544306,5.0,395,1425,1425,625,625,2280,3.607594936708861
BC5CDR-Chem,10%,64,522,312,330,1305,5.0,19.772727272727277,5.0,330,1305,1305,522,522,2082,3.9545454545454546
BC5CDR-Chem,10%,128,522,284,330,1215,5.0,18.40909090909091,5.0,330,1215,1215,522,522,1942,3.6818181818181817
BC5CDR-Chem,10%,256,522,315,330,1315,5.0,19.924242424242426,5.0,330,1315,1315,522,522,2097,3.984848484848485
BC5CDR-Chem,10%,512,522,315,330,1315,5.0,19.924242424242426,5.0,330,1315,1315,522,522,2097,3.984848484848485
BC5CDR-Chem,10%,1024,522,308,330,1290,5.0,19.545454545454547,5.0,330,1290,1290,522,522,2062,3.909090909090909
BC5CDR-Chem,10%,2048,522,303,330,1275,5.0,19.318181818181817,5.0,330,1275,1275,522,522,2037,3.8636363636363638
BC5CDR-Chem,10%,4096,522,305,330,1280,5.0,19.393939393939394,5.0,330,1280,1280,522,522,2047,3.878787878787879
BC5CDR-Chem,10%,8192,522,306,330,1285,5.0,19.46969696969697,5.0,330,1285,1285,522,522,2052,3.893939393939394
BC5CDR-Chem,10%,16384,522,294,330,1245,5.0,18.863636363636363,5.0,330,1245,1245,522,522,1992,3.772727272727273
BC5CDR-Chem,10%,32768,522,320,330,1330,5.0,20.151515151515152,5.0,330,1330,1330,522,522,2122,4.03030303030303
BC5CDR-Chem,2%,64,104,60,65,255,5.0,19.615384615384617,5.0,65,255,255,104,104,404,3.923076923076923
BC5CDR-Chem,2%,128,104,59,65,250,5.0,19.23076923076923,5.0,65,250,250,104,104,399,3.8461538461538463
BC5CDR-Chem,2%,256,104,58,65,250,5.0,19.23076923076923,5.0,65,250,250,104,104,394,3.8461538461538463
BC5CDR-Chem,2%,512,104,66,65,275,5.0,21.153846153846157,5.0,65,275,275,104,104,434,4.230769230769231
BC5CDR-Chem,2%,1024,104,60,65,255,5.0,19.615384615384617,5.0,65,255,255,104,104,404,3.923076923076923
BC5CDR-Chem,2%,2048,104,54,65,235,5.0,18.07692307692308,5.0,65,235,235,104,104,374,3.6153846153846154
BC5CDR-Chem,2%,4096,104,65,65,270,5.0,20.76923076923077,5.0,65,270,270,104,104,429,4.153846153846154
BC5CDR-Chem,2%,8192,104,63,65,265,5.0,20.384615384615383,5.0,65,265,265,104,104,419,4.076923076923077
BC5CDR-Chem,2%,16384,104,57,65,245,5.0,18.846153846153847,5.0,65,245,245,104,104,389,3.769230769230769
BC5CDR-Chem,2%,32768,104,66,65,275,5.0,21.153846153846157,5.0,65,275,275,104,104,434,4.230769230769231
BC5CDR-Chem,5%,64,261,154,165,645,5.0,19.545454545454547,5.0,165,645,645,261,261,1031,3.909090909090909
BC5CDR-Chem,5%,128,261,142,165,610,5.0,18.484848484848484,5.0,165,610,610,261,261,971,3.696969696969697
BC5CDR-Chem,5%,256,261,152,165,640,5.0,19.393939393939394,5.0,165,640,640,261,261,1021,3.878787878787879
BC5CDR-Chem,5%,512,261,154,165,645,5.0,19.545454545454547,5.0,165,645,645,261,261,1031,3.909090909090909
BC5CDR-Chem,5%,1024,261,155,165,650,5.0,19.696969696969692,5.0,165,650,650,261,261,1036,3.9393939393939394
BC5CDR-Chem,5%,2048,261,146,165,620,5.0,18.78787878787879,5.0,165,620,620,261,261,991,3.757575757575758
BC5CDR-Chem,5%,4096,261,157,165,655,5.0,19.848484848484848,5.0,165,655,655,261,261,1046,3.9696969696969697
BC5CDR-Chem,5%,8192,261,155,165,650,5.0,19.696969696969692,5.0,165,650,650,261,261,1036,3.9393939393939394
BC5CDR-Chem,5%,16384,261,155,165,650,5.0,19.696969696969692,5.0,165,650,650,261,261,1036,3.9393939393939394
BC5CDR-Chem,5%,32768,261,160,165,665,5.0,20.151515151515152,5.0,165,665,665,261,261,1061,4.03030303030303
NCBI-Disease,10%,64,543,285,340,1230,5.0,18.08823529411765,5.0,340,1230,1230,543,543,1968,3.6176470588235294
NCBI-Disease,10%,128,543,280,340,1215,5.0,17.86764705882353,5.0,340,1215,1215,543,543,1943,3.573529411764706
NCBI-Disease,10%,256,543,284,340,1230,5.0,18.08823529411765,5.0,340,1230,1230,543,543,1963,3.6176470588235294
NCBI-Disease,10%,512,543,292,340,1255,5.0,18.455882352941178,5.0,340,1255,1255,543,543,2003,3.6911764705882355
NCBI-Disease,10%,1024,543,300,340,1280,5.0,18.823529411764707,5.0,340,1280,1280,543,543,2043,3.764705882352941
NCBI-Disease,10%,2048,543,285,340,1230,5.0,18.08823529411765,5.0,340,1230,1230,543,543,1968,3.6176470588235294
NCBI-Disease,10%,4096,543,296,340,1265,5.0,18.602941176470587,5.0,340,1265,1265,543,543,2023,3.7205882352941178
NCBI-Disease,10%,8192,543,295,340,1265,5.0,18.602941176470587,5.0,340,1265,1265,543,543,2018,3.7205882352941178
NCBI-Disease,10%,16384,543,289,340,1245,5.0,18.308823529411764,5.0,340,1245,1245,543,543,1988,3.661764705882353
NCBI-Disease,10%,32768,543,292,340,1255,5.0,18.455882352941178,5.0,340,1255,1255,543,543,2003,3.6911764705882355
NCBI-Disease,2%,64,108,60,70,255,5.0,18.214285714285715,5.0,70,255,255,108,108,408,3.642857142857143
NCBI-Disease,2%,128,108,63,70,265,5.0,18.928571428571427,5.0,70,265,265,108,108,423,3.7857142857142856
NCBI-Disease,2%,256,108,46,70,215,5.0,15.357142857142858,5.0,70,215,215,108,108,338,3.0714285714285716
NCBI-Disease,2%,512,108,60,70,255,5.0,18.214285714285715,5.0,70,255,255,108,108,408,3.642857142857143
NCBI-Disease,2%,1024,108,56,70,245,5.0,17.5,5.0,70,245,245,108,108,388,3.5
NCBI-Disease,2%,2048,108,61,70,260,5.0,18.571428571428573,5.0,70,260,260,108,108,413,3.7142857142857144
NCBI-Disease,2%,4096,108,61,70,260,5.0,18.571428571428573,5.0,70,260,260,108,108,413,3.7142857142857144
NCBI-Disease,2%,8192,108,56,70,245,5.0,17.5,5.0,70,245,245,108,108,388,3.5
NCBI-Disease,2%,16384,108,64,70,270,5.0,19.285714285714285,5.0,70,270,270,108,108,428,3.857142857142857
NCBI-Disease,2%,32768,108,56,70,245,5.0,17.5,5.0,70,245,245,108,108,388,3.5
NCBI-Disease,5%,64,271,145,170,625,5.0,18.38235294117647,5.0,170,625,625,271,271,996,3.676470588235294
NCBI-Disease,5%,128,271,139,170,605,5.0,17.794117647058822,5.0,170,605,605,271,271,966,3.5588235294117645
NCBI-Disease,5%,256,271,134,170,590,5.0,17.352941176470587,5.0,170,590,590,271,271,941,3.4705882352941178
NCBI-Disease,5%,512,271,150,170,640,5.0,18.823529411764707,5.0,170,640,640,271,271,1021,3.764705882352941
NCBI-Disease,5%,1024,271,146,170,630,5.0,18.529411764705884,5.0,170,630,630,271,271,1001,3.7058823529411766
NCBI-Disease,5%,2048,271,143,170,620,5.0,18.235294117647054,5.0,170,620,620,271,271,986,3.6470588235294117
NCBI-Disease,5%,4096,271,146,170,630,5.0,18.529411764705884,5.0,170,630,630,271,271,1001,3.7058823529411766
NCBI-Disease,5%,8192,271,151,170,645,5.0,18.97058823529412,5.0,170,645,645,271,271,1026,3.7941176470588234
NCBI-Disease,5%,16384,271,147,170,630,5.0,18.529411764705884,5.0,170,630,630,271,271,1006,3.7058823529411766
NCBI-Disease,5%,32768,271,142,170,615,5.0,18.08823529411765,5.0,170,615,615,271,271,981,3.6176470588235294
