corpus,few_shot,n_few,n_elig_mean,S_b5,S_a5_min,S_a5_max,ratio_min,ratio_max,base_match_epochs_min,base_match_epochs_max
BC2GM,10%,1250,637.6,785,2695,2870,3.43312101910828,3.656050955414013,17.1656050955414,18.280254777070063
BC2GM,2%,250,127.7,160,495,600,3.09375,3.75,15.46875,18.75
BC2GM,5%,625,320.7,395,1310,1460,3.3164556962025316,3.6962025316455698,16.582278481012658,18.481012658227847
BC5CDR-Chem,10%,522,306.2,330,1215,1330,3.6818181818181817,4.03030303030303,18.40909090909091,20.151515151515152
BC5CDR-Chem,2%,104,60.8,65,235,275,3.6153846153846154,4.230769230769231,18.07692307692308,21.153846153846157
BC5CDR-Chem,5%,261,153.0,165,610,665,3.696969696969697,4.03030303030303,18.484848484848484,20.151515151515152
NCBI-Disease,10%,543,289.8,340,1215,1280,3.573529411764706,3.764705882352941,17.86764705882353,18.823529411764707
NCBI-Disease,2%,108,58.3,70,215,270,3.0714285714285716,3.857142857142857,15.357142857142858,19.285714285714285
NCBI-Disease,5%,271,144.3,170,590,645,3.4705882352941178,3.7941176470588234,17.352941176470587,18.97058823529412
