analysis,comparison,metric,stratum,level,cells,n_seeds,est,ci95_lo,ci95_hi,ci90_lo,ci90_hi,p_boot,equiv_0.5,equiv_1,equiv_1.5,ci95_lo_seedonly,ci95_hi_seedonly
step-matched,optimisation,f1,all,NCBI-Disease,2%+5%+10%,10.0,2.386476755142212,1.3856977194547653,3.4377499103546136,1.5530270993709565,3.2838238716125487,0.0,False,False,False,1.5581693023443222,3.2629041194915764
step-matched,optimisation,f1,all,BC5CDR-Chem,2%+5%+10%,10.0,0.5627995729446411,0.40910583809018136,0.7153559327125547,0.4320505574345589,0.6931499511003494,0.0,False,True,True,0.49956186935305597,0.6275236576795576
step-matched,optimisation,f1,all,BC2GM,2%+5%+10%,10.0,1.1920851469039917,0.8944074511528015,1.497959953546524,0.9471697479486465,1.442673599720001,0.0,False,False,True,0.9743140950798989,1.4144556254148484
step-matched,optimisation,f1,all,ALL (descriptive),9 cells,,1.3804538249969482,1.028770998120308,1.7852386832237244,1.0699700891971589,1.7069810152053833,0.0,False,False,False,,
step-matched,content (MR),f1,all,NCBI-Disease,2%+5%+10%,10.0,1.022655963897705,-0.08273237440735101,2.129788863658904,0.07469909973442555,1.9436165273189543,0.074,False,False,False,0.07250936850905419,1.8964085519313807
step-matched,content (MR),f1,all,BC5CDR-Chem,2%+5%+10%,10.0,-0.40438753366470337,-0.749219898879528,-0.07594417035579688,-0.694052129983902,-0.12210744582116606,0.011,False,True,True,-0.7018865779042244,-0.14302741438150413
step-matched,content (MR),f1,all,BC2GM,2%+5%+10%,10.0,-0.7208579778671265,-1.1042663753032684,-0.3647981084883215,-1.0468608677387237,-0.41226360499858855,0.0,False,False,True,-0.9503195628523826,-0.5235753595829011
step-matched,content (MR),f1,all,ALL (descriptive),9 cells,,-0.03419651587804159,-0.44149730876088145,0.36058079823851563,-0.3742298290133476,0.30699923336505885,0.858,True,True,True,,
step-matched,content (COSINER),f1,all,NCBI-Disease,2%+5%+10%,10.0,0.872793972492218,-0.1854069631546736,2.0588461637496946,-0.03550005238503218,1.8525346040725705,0.114,False,False,False,0.058623354509472855,1.7459081321954724
step-matched,content (COSINER),f1,all,BC5CDR-Chem,2%+5%+10%,10.0,-0.15594522655010223,-0.46334515437483786,0.150789166614413,-0.41075513809919356,0.10946636646986006,0.323,True,True,True,-0.37866124510765076,0.0640635464340448
step-matched,content (COSINER),f1,all,BC2GM,2%+5%+10%,10.0,-0.34219345450401306,-0.7630160257220269,0.06701014209538682,-0.6979144215583801,0.004805543459951873,0.105,False,True,True,-0.5800138503313065,-0.1060336854308845
step-matched,content (COSINER),f1,all,ALL (descriptive),9 cells,,0.12488509714603424,-0.23015226125717164,0.5062189042568207,-0.17148227170109748,0.4538723737001419,0.479,True,True,True,,
step-matched,total (MR),f1,all,NCBI-Disease,2%+5%+10%,10.0,3.409132719039917,2.313360208272934,4.512201571464538,2.50595166683197,4.3484721183776855,0.0,False,False,False,2.623008054494858,4.192222106456755
step-matched,total (MR),f1,all,BC5CDR-Chem,2%+5%+10%,10.0,0.15841205418109894,-0.2158115055412054,0.5249151408672329,-0.1352492719888687,0.45424986034631726,0.382,True,True,True,-0.11997144669294357,0.4328124485909938
step-matched,total (MR),f1,all,BC2GM,2%+5%+10%,10.0,0.4712271988391876,0.042144869547337295,0.8681903570890422,0.11712484061717987,0.8055015414953232,0.036,False,True,True,0.22649045288562775,0.6806432068347931
step-matched,total (MR),f1,all,ALL (descriptive),9 cells,,1.346257324020068,0.9444320917129516,1.7494325309991836,1.0019773066043853,1.684182870388031,0.0,False,False,False,,
step-matched,MR@match vs Dup@match,f1,all,NCBI-Disease,2%+5%+10%,10.0,1.1744927167892456,0.11403305903077125,2.2157641887664785,0.3182703569531441,2.051709568500519,0.03,False,False,False,0.3808804549276829,1.9320514082908626
step-matched,MR@match vs Dup@match,f1,all,BC5CDR-Chem,2%+5%+10%,10.0,-0.4227169454097748,-0.9735021367669106,0.11038460042327636,-0.8693319201469422,0.021346439141780128,0.121,False,True,True,-0.9119804218411446,0.04949608715251085
step-matched,MR@match vs Dup@match,f1,all,BC2GM,2%+5%+10%,10.0,-0.6896958947181702,-1.1205876827239991,-0.27183140218257984,-1.05377254486084,-0.3306808546185494,0.001,False,False,True,-0.9706944048404693,-0.4197709225118163
step-matched,MR@match vs Dup@match,f1,all,ALL (descriptive),9 cells,,0.020693292220433552,-0.39503787755966185,0.44741281792521453,-0.33094216138124466,0.39295874685049054,0.955,True,True,True,,
step-matched,MR@match vs Base@match,f1,all,NCBI-Disease,2%+5%+10%,10.0,1.022655963897705,-0.08273237440735101,2.129788863658904,0.07469909973442555,1.9436165273189543,0.074,False,False,False,0.07250936850905419,1.8964085519313807
step-matched,MR@match vs Base@match,f1,all,BC5CDR-Chem,2%+5%+10%,10.0,-0.40438753366470337,-0.749219898879528,-0.07594417035579688,-0.694052129983902,-0.12210744582116606,0.011,False,True,True,-0.7018865779042244,-0.14302741438150413
step-matched,MR@match vs Base@match,f1,all,BC2GM,2%+5%+10%,10.0,-0.7208579778671265,-1.1042663753032684,-0.3647981084883215,-1.0468608677387237,-0.41226360499858855,0.0,False,False,True,-0.9503195628523826,-0.5235753595829011
step-matched,MR@match vs Base@match,f1,all,ALL (descriptive),9 cells,,-0.03419651587804159,-0.44149730876088145,0.36058079823851563,-0.3742298290133476,0.30699923336505885,0.858,True,True,True,,
step-matched,Dup@match vs Base@match,f1,all,NCBI-Disease,2%+5%+10%,10.0,-0.15183667838573456,-0.8993710100650787,0.5875577986240387,-0.7798361927270889,0.47677467167377446,0.712,False,True,True,-0.7669491320848465,0.44051393419504165
step-matched,Dup@match vs Base@match,f1,all,BC5CDR-Chem,2%+5%+10%,10.0,0.018329422920942307,-0.2809471234679222,0.3022862128913398,-0.23637753650546073,0.2575832217931747,0.883,True,True,True,-0.2526557445526123,0.27076652720570554
step-matched,Dup@match vs Base@match,f1,all,BC2GM,2%+5%+10%,10.0,-0.03116210363805294,-0.33728626891970637,0.267923031747341,-0.2964027836918831,0.2180717028677463,0.85,True,True,True,-0.24340607188642024,0.18777386322617529
step-matched,Dup@match vs Base@match,f1,all,ALL (descriptive),9 cells,,-0.054889786367615066,-0.416300955414772,0.29959182292222974,-0.35562925934791567,0.2397653579711913,0.782,True,True,True,,
step-matched,COSINER@match vs Base@1x,f1,all,NCBI-Disease,2%+5%+10%,10.0,3.2592709064483643,2.2098721742630003,4.417635643482207,2.3800246477127076,4.235149788856506,0.0,False,False,False,2.5583842396736145,4.005209410190583
step-matched,COSINER@match vs Base@1x,f1,all,BC5CDR-Chem,2%+5%+10%,10.0,0.4068543612957001,0.06763960160315037,0.7512670412659639,0.12930435538291932,0.6937935918569564,0.019,False,True,True,0.1973566710948944,0.625330352783203
step-matched,COSINER@match vs Base@1x,f1,all,BC2GM,2%+5%+10%,10.0,0.8498916625976562,0.36734454408288003,1.3442396759986877,0.43415913730859756,1.2515051424503325,0.0,False,False,True,0.5513241335749626,1.1264899730682374
step-matched,COSINER@match vs Base@1x,f1,all,ALL (descriptive),9 cells,,1.5053389767805736,1.131164214015007,1.8853071063756943,1.1864178240299226,1.8228947341442108,0.0,False,False,False,,
step-matched,COSINER@match vs Dup@match,f1,all,NCBI-Disease,2%+5%+10%,10.0,1.0246306657791138,0.09396559782326222,2.0781830370426175,0.22620527371764185,1.8821937561035156,0.03,False,False,False,0.4292679250240326,1.6501501351594923
step-matched,COSINER@match vs Dup@match,f1,all,BC5CDR-Chem,2%+5%+10%,10.0,-0.17427463829517365,-0.6552971735596657,0.3059654630720611,-0.5904085040092468,0.24351335391402243,0.492,False,True,True,-0.5981994420289993,0.25229728743433943
step-matched,COSINER@match vs Dup@match,f1,all,BC2GM,2%+5%+10%,10.0,-0.311031311750412,-0.8004645198583603,0.1299158882349724,-0.7046822905540466,0.05007596518844361,0.169,False,True,True,-0.6169799357652664,-0.03776756785810012
step-matched,COSINER@match vs Dup@match,f1,all,ALL (descriptive),9 cells,,0.17977490524450937,-0.1868396196514368,0.5855600923299789,-0.12649259865283966,0.4941686674952507,0.346,True,True,True,,
step-matched,COSINER@match vs Base@match,f1,all,NCBI-Disease,2%+5%+10%,10.0,0.872793972492218,-0.1854069631546736,2.0588461637496946,-0.03550005238503218,1.8525346040725705,0.114,False,False,False,0.058623354509472855,1.7459081321954724
step-matched,COSINER@match vs Base@match,f1,all,BC5CDR-Chem,2%+5%+10%,10.0,-0.15594522655010223,-0.46334515437483786,0.150789166614413,-0.41075513809919356,0.10946636646986006,0.323,True,True,True,-0.37866124510765076,0.0640635464340448
step-matched,COSINER@match vs Base@match,f1,all,BC2GM,2%+5%+10%,10.0,-0.34219345450401306,-0.7630160257220269,0.06701014209538682,-0.6979144215583801,0.004805543459951873,0.105,False,True,True,-0.5800138503313065,-0.1060336854308845
step-matched,COSINER@match vs Base@match,f1,all,ALL (descriptive),9 cells,,0.12488509714603424,-0.23015226125717164,0.5062189042568207,-0.17148227170109748,0.4538723737001419,0.479,True,True,True,,
step-matched,optimisation,f1,seen,NCBI-Disease,2%+5%+10%,10.0,1.4555860757827759,0.4516512520611286,2.536599081754684,0.6531668484210968,2.3317747116088867,0.003,False,False,False,0.6728250086307526,2.2187534928321817
step-matched,optimisation,f1,seen,BC5CDR-Chem,2%+5%+10%,10.0,1.1094861030578613,0.7709469079971314,1.497225067019462,0.8134598940610885,1.431542706489563,0.0,False,False,True,0.8416162922978401,1.4262546241283414
step-matched,optimisation,f1,seen,BC2GM,2%+5%+10%,10.0,1.424926519393921,0.8488319084048271,2.058144855499267,0.9358673602342605,1.937529271841049,0.0,False,False,False,1.0939697116613387,1.774139821529388
step-matched,optimisation,f1,seen,ALL (descriptive),9 cells,,1.329999566078186,0.899843943119049,1.7992847412824626,0.9772280812263489,1.6967705965042115,0.0,False,False,False,,
step-matched,content (MR),f1,seen,NCBI-Disease,2%+5%+10%,10.0,1.0840073823928833,-0.26077453196048733,2.517889338731765,-0.03965513706207275,2.3589019536972047,0.112,False,False,False,-0.06296164747327566,2.26728350520134
step-matched,content (MR),f1,seen,BC5CDR-Chem,2%+5%+10%,10.0,0.24356882274150848,-0.16008188836276532,0.7763334944844246,-0.10441624633967876,0.6704968750476836,0.268,False,True,True,-0.11744732391089201,0.714062350988388
step-matched,content (MR),f1,seen,BC2GM,2%+5%+10%,10.0,-0.21247607469558716,-0.896465764939785,0.48122542276978486,-0.7746728479862213,0.3541370749473572,0.503,False,True,True,-0.5247653186321258,0.10461266301572322
step-matched,content (MR),f1,seen,ALL (descriptive),9 cells,,0.37170004347960156,-0.15966542549431323,0.9147625669836997,-0.07324652522802352,0.8394502758979796,0.174,False,True,True,,
step-matched,content (COSINER),f1,seen,NCBI-Disease,2%+5%+10%,10.0,1.3226512670516968,0.2453939624130726,2.5795773327350604,0.3970747321844101,2.378629910945892,0.014,False,False,False,0.40329142436385157,2.310800355672836
step-matched,content (COSINER),f1,seen,BC5CDR-Chem,2%+5%+10%,10.0,0.40644168853759766,-0.05468470593914389,0.9870178505778311,0.0009656961366999902,0.8955133289098739,0.099,False,True,True,-0.02725444985553622,0.9328258037567139
step-matched,content (COSINER),f1,seen,BC2GM,2%+5%+10%,10.0,-0.08829495310783386,-0.8887937188148498,0.7085123509168622,-0.7477191478013993,0.563035488128662,0.841,False,True,True,-0.4916063703596592,0.28700258359313
step-matched,content (COSINER),f1,seen,ALL (descriptive),9 cells,,0.5469326674938202,0.037482926715165385,1.0949430316686628,0.1276983365416527,0.9980151832103727,0.036,False,True,True,,
step-matched,optimisation,f1,unseen,NCBI-Disease,2%+5%+10%,10.0,2.6888153553009033,1.5331710070371627,3.964582723379135,1.7076881766319274,3.7789044857025145,0.0,False,False,False,1.7376165777444839,3.6934255182743065
step-matched,optimisation,f1,unseen,BC5CDR-Chem,2%+5%+10%,10.0,0.4332399368286133,0.24822260960936546,0.6323455959558486,0.27455184906721114,0.5978935956954956,0.0,False,True,True,0.3489610843360424,0.5238247022032738
step-matched,optimisation,f1,unseen,BC2GM,2%+5%+10%,10.0,1.1699981689453125,0.8558110356330871,1.4893813908100126,0.9110881507396698,1.4361665964126586,0.0,False,False,True,0.9313657358288765,1.4042358607053753
step-matched,optimisation,f1,unseen,ALL (descriptive),9 cells,,1.430684487024943,1.0084802448749541,1.8924726247787471,1.068337219953537,1.81945441365242,0.0,False,False,False,,
step-matched,content (MR),f1,unseen,NCBI-Disease,2%+5%+10%,10.0,1.0721698999404907,-0.17925831228494643,2.2309222519397727,0.003969496709760281,2.0325987577438354,0.099,False,False,False,0.08813789207488298,1.8878798723220824
step-matched,content (MR),f1,unseen,BC5CDR-Chem,2%+5%+10%,10.0,-0.5656089782714844,-1.0166289389133454,-0.1573189597576857,-0.934896269440651,-0.21948500126600265,0.006,False,True,True,-0.9354271411895752,-0.2210829108953476
step-matched,content (MR),f1,unseen,BC2GM,2%+5%+10%,10.0,-0.7560380101203918,-1.1621048778295517,-0.37732041403651245,-1.0961727499961853,-0.4243124127388001,0.001,False,False,True,-1.0068753093481064,-0.5309345558285713
step-matched,content (MR),f1,unseen,ALL (descriptive),9 cells,,-0.08315902948379517,-0.530522657930851,0.3463715896010392,-0.4640071377158165,0.2872786045074463,0.707,True,True,True,,
step-matched,content (COSINER),f1,unseen,NCBI-Disease,2%+5%+10%,10.0,0.7277250289916992,-0.5143663868308067,2.1311085283756257,-0.32582074254751203,1.8757461130619049,0.27,False,False,False,-0.05672445623204112,1.5603735446929932
step-matched,content (COSINER),f1,unseen,BC5CDR-Chem,2%+5%+10%,10.0,-0.289167195558548,-0.6698748275637627,0.07110214475542294,-0.6092130452394485,0.01788919819518922,0.13,False,True,True,-0.5477656319737434,-0.04030716177076134
step-matched,content (COSINER),f1,unseen,BC2GM,2%+5%+10%,10.0,-0.33883193135261536,-0.8010804355144501,0.09965105615556218,-0.7160255312919617,0.021820155624300192,0.12,False,True,True,-0.6083965942263603,-0.09282470718026163
step-matched,content (COSINER),f1,unseen,ALL (descriptive),9 cells,,0.03324196736017863,-0.38898134008049967,0.48007979914546,-0.33211583495140073,0.41891643553972235,0.869,True,True,True,,
pr-shift,MR@match vs Base@match,precision,all,NCBI-Disease,2%+5%+10%,10.0,-0.4039120376110077,-1.6785502970218658,0.8049515143036833,-1.4890111982822418,0.619312858581543,0.534,False,False,True,-1.4599542886018753,0.5948685407638546
pr-shift,MR@match vs Base@match,precision,all,BC5CDR-Chem,2%+5%+10%,10.0,-1.8544206619262695,-2.557180035114288,-1.1395950525999072,-2.4640309810638428,-1.2549384355545046,0.0,False,False,False,-2.4994077682495117,-1.1568946301937122
pr-shift,MR@match vs Base@match,precision,all,BC2GM,2%+5%+10%,10.0,-1.7338825464248657,-2.1853724002838133,-1.2920665591955185,-2.129426062107086,-1.365283864736557,0.0,False,False,False,-2.015506863594055,-1.4310982435941697
pr-shift,MR@match vs Base@match,precision,all,ALL (descriptive),9 cells,,-1.3307384153207142,-1.8571801215410233,-0.7761221885681159,-1.7940893292427063,-0.874577632546425,0.001,False,False,False,,
pr-shift,MR@match vs Base@match,recall,all,NCBI-Disease,2%+5%+10%,10.0,2.614583730697632,1.3426673412322998,3.944656842947006,1.5752604722976684,3.72661315202713,0.0,False,False,False,1.5623273253440857,3.6702261030673977
pr-shift,MR@match vs Base@match,recall,all,BC5CDR-Chem,2%+5%+10%,10.0,1.148250937461853,0.5278295516967774,1.7946290463209151,0.6365330517292023,1.6810940623283386,0.0,False,False,False,0.5687403097748757,1.7351432949304577
pr-shift,MR@match vs Base@match,recall,all,BC2GM,2%+5%+10%,10.0,0.4779968857765198,0.00788068942492828,0.9437702357769009,0.0856023445725441,0.8610317409038544,0.049,False,True,True,0.16284524351358415,0.815809790790081
pr-shift,MR@match vs Base@match,recall,all,ALL (descriptive),9 cells,,1.4136105179786682,0.8961881220340728,1.9345337569713592,0.9914691090583801,1.8425086677074431,0.0,False,False,False,,
pr-shift,COSINER@match vs Base@match,precision,all,NCBI-Disease,2%+5%+10%,10.0,-0.6714915633201599,-1.895559123158455,0.6205465599894513,-1.7139646649360656,0.35497924685478205,0.281,False,False,False,-1.493608358502388,0.24752966538071577
pr-shift,COSINER@match vs Base@match,precision,all,BC5CDR-Chem,2%+5%+10%,10.0,-1.3344957828521729,-2.0334143817424772,-0.7481170743703845,-1.9177552580833435,-0.8523664981126785,0.0,False,False,False,-1.9665554732084274,-0.8360421523451806
pr-shift,COSINER@match vs Base@match,precision,all,BC2GM,2%+5%+10%,10.0,-1.4040502309799194,-1.9055062890052796,-0.9410986453294758,-1.84271742105484,-1.0105762839317323,0.0,False,False,False,-1.7184369027614594,-1.095264944434166
pr-shift,COSINER@match vs Base@match,precision,all,ALL (descriptive),9 cells,,-1.136679192384084,-1.6221930772066115,-0.6730585023760797,-1.5353852927684783,-0.7543874472379685,0.0,False,False,False,,
pr-shift,COSINER@match vs Base@match,recall,all,NCBI-Disease,2%+5%+10%,10.0,2.6076385974884033,1.2818101704120637,4.107166635990143,1.4675614356994628,3.8682566881179805,0.0,False,False,False,1.5589406400918961,3.698176449537276
pr-shift,COSINER@match vs Base@match,recall,all,BC5CDR-Chem,2%+5%+10%,10.0,1.0851130485534668,0.41083909943699837,1.8463172078132621,0.5163930177688598,1.718338429927826,0.0,False,False,False,0.4636186510324478,1.8025539845228193
pr-shift,COSINER@match vs Base@match,recall,all,BC2GM,2%+5%+10%,10.0,0.9175227284431458,0.4068390533328056,1.3739179879426955,0.5068813353776932,1.3051092326641083,0.001,False,False,True,0.6297629475593567,1.1694462954998015
pr-shift,COSINER@match vs Base@match,recall,all,ALL (descriptive),9 cells,,1.5367581248283386,0.9838732287287713,2.144212812185287,1.0737792193889617,2.0573671579360964,0.0,False,False,False,,
