corpus,few_shot,method,last,previous,d,ci95_lo,ci95_hi,p_diff,peak_budget
NCBI-Disease,2%,Base,Base@16x,Base@8x,0.933518255040051,-0.04293825850854671,1.9099747685886488,0.083984375,16x
NCBI-Disease,2%,MR,MR@16x,MR@8x,-0.3560243849001532,-1.196815070291743,0.48476630049143665,0.431640625,8x
NCBI-Disease,2%,COSINER,COSINER@16x,COSINER@8x,0.22612732303663674,-0.8023989770846656,1.254653623157939,0.845703125,16x
BC5CDR-Chem,2%,Base,Base@16x,Base@8x,0.06135262558933596,-0.45478891961447265,0.5774941707931446,1.0,match
BC5CDR-Chem,2%,MR,MR@16x,MR@8x,-0.25585491030950314,-0.8994355457139728,0.3877257250949665,0.322265625,8x
BC5CDR-Chem,2%,COSINER,COSINER@16x,COSINER@8x,-0.005215818534974881,-0.7116374341809163,0.7012057971109665,0.4921875,match
BC2GM,2%,Base,Base@16x,Base@8x,0.4000962637223604,-0.3157786351757451,1.115971162620466,0.232421875,16x
BC2GM,2%,MR,MR@16x,MR@8x,0.5943228602327277,0.25790684697652344,0.930738873488932,0.005859375,16x
BC2GM,2%,COSINER,COSINER@16x,COSINER@8x,-0.19569164510515047,-0.742403229402213,0.3510199391919121,0.431640625,8x
