corpus,few_shot,method,budget,steps,mult,f1,sd,n,dev_f1,ci95
BC2GM,2%,Base,1x,160.0,1.0,67.06876270791074,1.6427222485167547,10,66.90029673279278,1.1751327050971547
BC2GM,2%,Base,2x,320.0,2.0,68.41983440159656,1.61137365046507,10,69.53979500474298,1.1527072689878295
BC2GM,2%,Base,match,558.0,3.4875,68.54350789287813,1.5265278362247816,10,69.06286468592057,1.0920122298268353
BC2GM,2%,Base,8x,1280.0,8.0,69.08831828968329,1.4674384211380396,10,69.37327271690326,1.0497422086737227
BC2GM,2%,Base,16x,2560.0,16.0,69.48841455340565,1.5623124441570462,10,70.06885069127688,1.1176109962392657
BC2GM,2%,COSINER,1x,160.0,1.0,65.23305006087257,1.5887697185310339,10,64.88646920607557,1.136537390176326
BC2GM,2%,COSINER,2x,320.0,2.0,67.47782364260607,1.0678265244319423,10,66.63116908778066,0.7638770786499167
BC2GM,2%,COSINER,match,558.0,3.4875,68.37536166956197,1.4486727283605192,10,67.38590336532488,1.036318040749668
BC2GM,2%,COSINER,8x,1280.0,8.0,69.44086373450217,1.2499796458200885,10,69.55497891694772,0.8941815719822594
BC2GM,2%,COSINER,16x,2560.0,16.0,69.24517208939702,1.4042012549746887,10,68.15566354417568,1.0045050651436374
BC2GM,2%,Dup,match,558.0,3.4875,68.57351083668006,1.4556156216443372,10,68.99014944108524,1.0412846874077872
BC2GM,2%,MR,1x,160.0,1.0,65.21958832047592,1.5335304009914075,10,66.44711928533142,1.0970215628922717
BC2GM,2%,MR,2x,320.0,2.0,67.20107680425716,1.5145153832464375,10,68.09438009228079,1.0834190386309166
BC2GM,2%,MR,match,558.0,3.4875,68.47141716770938,1.382501285749778,10,68.67768754255408,0.9889818422988632
BC2GM,2%,MR,8x,1280.0,8.0,68.83747329711815,1.4690624585784957,10,69.10009658874462,1.0509039750723366
BC2GM,2%,MR,16x,2560.0,16.0,69.43179615735087,1.4700544881983342,10,69.70251183716833,1.051613630311833
BC5CDR-Chem,2%,Base,1x,65.0,1.0,86.26195926180162,1.1661349992935661,10,87.83046610069027,0.8342027250593607
BC5CDR-Chem,2%,Base,2x,130.0,2.0,86.91663247894479,1.570593432796193,10,89.21615419181677,1.1235348586506904
BC5CDR-Chem,2%,Base,match,257.5,3.9615384615384612,87.3628157176946,1.4498188267241274,10,88.85711413698267,1.037137910129017
BC5CDR-Chem,2%,Base,8x,520.0,8.0,87.25008169941076,1.401830433837065,10,89.19330483468852,1.0028090818699753
BC5CDR-Chem,2%,Base,16x,1040.0,16.0,87.31143432500008,1.6823199953660588,10,89.35472006284002,1.2034592267673825
BC5CDR-Chem,2%,COSINER,1x,65.0,1.0,85.28173562934326,1.3526242308456127,10,88.26961634866015,0.9676090847425758
BC5CDR-Chem,2%,COSINER,2x,130.0,2.0,86.8047946293423,1.1569689519061388,10,89.1588761112612,0.8276457297601479
BC5CDR-Chem,2%,COSINER,match,257.5,3.9615384615384612,87.37836824923328,1.4102495558914383,10,89.7132311499773,1.0088317589739297
BC5CDR-Chem,2%,COSINER,8x,520.0,8.0,87.02897145648517,1.096838612414695,10,89.59560672609696,0.7846310761455203
BC5CDR-Chem,2%,COSINER,16x,1040.0,16.0,87.02375563795019,1.3141816252903302,10,89.70642041512305,0.9401089013744188
BC5CDR-Chem,2%,Dup,match,257.5,3.9615384615384612,87.32906282381927,1.1990467229311403,10,89.9705256433409,0.8577463538514789
BC5CDR-Chem,2%,MR,1x,65.0,1.0,85.52093204700589,1.5384285493256122,10,87.77398626867307,1.1005254871297003
BC5CDR-Chem,2%,MR,2x,130.0,2.0,86.78180620013926,1.3229685988457724,10,89.1451112348699,0.9463947235900411
BC5CDR-Chem,2%,MR,match,257.5,3.9615384615384612,87.02728486015901,1.5759072851220548,10,89.86093501249594,1.1273361596093978
BC5CDR-Chem,2%,MR,8x,520.0,8.0,87.13317836678998,1.2940960313392498,10,90.51291724954223,0.9257405330306355
BC5CDR-Chem,2%,MR,16x,1040.0,16.0,86.87732345648047,1.8620710287953424,10,89.35788964981171,1.3320453698895613
NCBI-Disease,2%,Base,1x,70.0,1.0,67.78200620653642,1.9137210611896402,10,65.1400151656606,1.3689935772573438
NCBI-Disease,2%,Base,2x,140.0,2.0,71.19363431317065,1.3849794085689404,10,68.22602278167707,0.9907545845714383
NCBI-Disease,2%,Base,match,251.5,3.592857142857143,72.05294351241436,1.9733241489072815,10,67.58717820084463,1.4116310576743873
NCBI-Disease,2%,Base,8x,560.0,8.0,72.50114504994485,1.4640641383871047,10,69.4908401091479,1.0473283922050842
NCBI-Disease,2%,Base,16x,1120.0,16.0,73.4346633049849,1.4764248524088102,10,71.92649733633638,1.056170714343458
NCBI-Disease,2%,COSINER,1x,70.0,1.0,70.11212306998684,1.7907792280813455,10,65.05259379006004,1.2810462879084592
NCBI-Disease,2%,COSINER,2x,140.0,2.0,72.03002131068546,1.753555666381112,10,67.83156767825395,1.2544181559807142
NCBI-Disease,2%,COSINER,match,251.5,3.592857142857143,73.45912559687598,1.8560681634068699,10,69.59225180381956,1.327751178678199
NCBI-Disease,2%,COSINER,8x,560.0,8.0,73.79367001832286,1.2170575730699393,10,71.24497909921027,0.8706305398809899
NCBI-Disease,2%,COSINER,16x,1120.0,16.0,74.01979734135949,1.5773076057130166,10,70.36017246015837,1.12833788861474
NCBI-Disease,2%,Dup,match,251.5,3.592857142857143,71.47649529684915,1.5409851322348977,10,67.54528687301392,1.1023543563695897
NCBI-Disease,2%,MR,1x,70.0,1.0,70.60165572525871,1.8255478490316952,10,65.75871542684497,1.3059182610169828
NCBI-Disease,2%,MR,2x,140.0,2.0,72.8733954276426,2.005601386208524,10,67.15734455106038,1.4347208022840552
NCBI-Disease,2%,MR,match,251.5,3.592857142857143,73.97943571310253,2.272318542861095,10,69.93925151486474,1.625518762241046
NCBI-Disease,2%,MR,8x,560.0,8.0,74.857474073846,1.607157103333948,10,70.18952265418005,1.1496909328781562
NCBI-Disease,2%,MR,16x,1120.0,16.0,74.50144968894585,1.3193572214836553,10,70.87285418380227,0.9438112998539208
