corpus,few_shot,optimisation,content (MR),content (COSINER),total (MR)
NCBI-Disease,2%,4.270937305877933,1.9264922006881644,1.4061820844616157,6.197429506566098
NCBI-Disease,5%,1.9190302543648687,1.0452669862184394,1.0561550604608394,2.9642972405833077
NCBI-Disease,10%,0.9694622679918818,0.09620919678813729,0.15604595743577976,1.0656714647800194
BC5CDR-Chem,2%,1.1008564558929845,-0.3355308575355842,0.015552531538661762,0.7653255983574004
BC5CDR-Chem,5%,0.5331426566526032,-0.4825168156120874,-0.396509190412695,0.05062584104051582
BC5CDR-Chem,10%,0.05439932451562379,-0.3951144276922258,-0.08687985820851285,-0.34071510317660203
BC2GM,2%,1.474745184967401,-0.0720907251687708,-0.1681462233161657,1.4026544597986301
BC2GM,5%,1.2046222087445613,-0.5063343572274347,-0.06267105902083125,0.6982878515171265
BC2GM,10%,0.8968860260631395,-1.5841480151811158,-0.7957632173848206,-0.6872619891179765
