corpus,few_shot,config,steps,n_train,epochs,f1,f1_sd,p,p_sd,r,r_sd,n
BC2GM,10%,Base@1x,785.0,1250.0,5.0,77.11193815350572,0.5810260975165464,75.22820884105282,0.648514977060877,79.09565217391304,0.7239733450125311,10
BC2GM,10%,Base@match,2776.5,1250.0,17.68471337579618,78.00882417956888,0.4463874496359488,76.40357385608299,0.5655624658731843,79.68695652173913,0.6459593985199632,10
BC2GM,10%,COSINER@match,2776.5,4438.0,5.0,77.21306096218404,0.5359874813662531,74.74711815112144,0.7487067300083285,79.85138339920948,0.5682518335353006,10
BC2GM,10%,Dup@match,2776.5,4438.0,5.0,77.73974212831408,0.5562239186705522,76.4315787078624,0.7548913697137315,79.10197628458498,0.876066248309713,10
BC2GM,10%,MR@match,2776.5,4438.0,5.0,76.42467616438775,0.5574966247324947,73.67855331079414,0.932571783134729,79.39288537549407,0.6728898662844904,10
BC2GM,2%,Base@16x,2560.0,250.0,80.0,69.48841455340565,1.5623124441570462,66.28137176810324,1.562537100531882,73.07826086956521,2.6045006928003738,10
BC2GM,2%,Base@1x,160.0,250.0,5.0,67.06876270791074,1.6427222485167547,64.26406272003483,1.5819089168378195,70.14703557312252,2.0556170207489197,10
BC2GM,2%,Base@2x,320.0,250.0,10.0,68.41983440159656,1.61137365046507,65.26536036410211,1.3483644744408592,71.93359683794466,2.5376005751992796,10
BC2GM,2%,Base@8x,1280.0,250.0,40.0,69.08831828968329,1.4674384211380396,66.1021271402789,1.2181387670881754,72.42213438735179,2.8337423608688668,10
BC2GM,2%,Base@match,558.0,250.0,17.4375,68.54350789287813,1.5265278362247816,65.46625216410916,1.1563976252425938,71.9494071146245,2.3603754111065927,10
BC2GM,2%,COSINER@16x,2560.0,888.5,23.004394797970708,69.24517208939702,1.4042012549746887,64.8043849945262,2.0218280236450474,74.39209486166007,1.7576061768853415,10
BC2GM,2%,COSINER@1x,160.0,888.5,1.4377746748731692,65.23305006087257,1.5887697185310339,60.86665370996827,2.5642906781403267,70.3509881422925,1.4124250284298903,10
BC2GM,2%,COSINER@2x,320.0,888.5,2.8755493497463385,67.47782364260607,1.0678265244319423,63.28969863664153,1.1335464940360065,72.31778656126482,2.337551174504822,10
BC2GM,2%,COSINER@8x,1280.0,888.5,11.502197398985354,69.44086373450217,1.2499796458200885,65.40430426399881,1.945384803994346,74.07114624505928,1.8524955152000275,10
BC2GM,2%,COSINER@match,558.0,888.5,5.0,68.37536166956197,1.4486727283605192,64.2473295112061,1.6799312912102824,73.11146245059288,2.0592786750691285,10
BC2GM,2%,Dup@match,558.0,888.5,5.0,68.57351083668006,1.4556156216443372,66.25820412567414,1.5332775090672266,71.08142292490118,1.9304578741932834,10
BC2GM,2%,MR@16x,2560.0,888.5,23.004394797970708,69.43179615735087,1.4700544881983342,65.01508538695124,1.5503605600502315,74.51541501976286,1.895965760219543,10
BC2GM,2%,MR@1x,160.0,888.5,1.4377746748731692,65.21958832047592,1.5335304009914075,61.75778658048363,1.3070961924184925,69.12411067193676,2.370937706770216,10
BC2GM,2%,MR@2x,320.0,888.5,2.8755493497463385,67.20107680425716,1.5145153832464375,63.16751877439828,1.4714765895629733,71.82608695652173,2.3871598139366457,10
BC2GM,2%,MR@8x,1280.0,888.5,11.502197398985354,68.83747329711815,1.4690624585784957,65.31322265471732,1.890730478035025,72.80474308300396,1.8663486783427892,10
BC2GM,2%,MR@match,558.0,888.5,5.0,68.47141716770938,1.382501285749778,64.50069913666641,1.6155526818196022,73.02292490118577,2.361966323585804,10
BC2GM,5%,Base@1x,395.0,625.0,5.0,73.0601174751635,0.9463301044776465,70.96904459090689,1.3847455280008323,75.29960474308301,1.2017439734186046,10
BC2GM,5%,Base@match,1394.5,625.0,17.651898734177216,74.26473968390806,0.8367574358578095,72.09597756777079,1.0626324943853072,76.59130434782608,1.4642361116507396,10
BC2GM,5%,COSINER@match,1394.5,2228.5,5.0,74.20206862488723,0.887510794192955,70.7592070478199,1.3967588246544482,78.01739130434783,0.960782765197504,10
BC2GM,5%,Dup@match,1394.5,2228.5,5.0,74.41033433871117,1.1982862577906197,72.64747013410154,1.2832809916366124,76.29090909090908,1.9201253949376649,10
BC2GM,5%,MR@match,1394.5,2228.5,5.0,73.75840532668063,1.0266710427742944,70.58490522838119,1.189428391046637,77.24584980237154,1.3515870495254385,10
BC5CDR-Chem,10%,Base@1x,330.0,522.0,5.0,91.01412290553756,0.5646633816597026,90.42067260203996,0.8111473135838688,91.62488393686165,0.9657246671993305,10
BC5CDR-Chem,10%,Base@match,1285.5,522.0,19.477272727272727,91.0685222300532,0.42131379854086304,89.79746543180991,1.061006861972435,92.39368616527392,0.9793252060819448,10
BC5CDR-Chem,10%,COSINER@match,1285.5,2053.0,5.0,90.98164237184469,0.49789438792501556,88.96087254551335,1.275726462992512,93.11606313834726,0.842847637418563,10
BC5CDR-Chem,10%,Dup@match,1285.5,2053.0,5.0,91.21451378427999,0.6215127499862744,90.78656569605656,1.334623849160155,91.67502321262766,1.347780947336532,10
BC5CDR-Chem,10%,MR@match,1285.5,2053.0,5.0,90.67340780236097,0.5500952851739135,88.43400511799389,1.164083395595459,93.04549675023213,0.8697493462660892,10
BC5CDR-Chem,2%,Base@16x,1040.0,104.0,80.0,87.31143432500008,1.6823199953660588,87.04130825593666,3.941228962527071,87.79944289693594,3.22534633007585,10
BC5CDR-Chem,2%,Base@1x,65.0,104.0,5.0,86.26195926180162,1.1661349992935661,87.45601669729345,2.5137804744924157,85.19034354688951,2.274317405071197,10
BC5CDR-Chem,2%,Base@2x,130.0,104.0,10.0,86.91663247894479,1.570593432796193,87.29222596032237,3.1398414131487766,86.70566388115134,3.2038847238048467,10
BC5CDR-Chem,2%,Base@8x,520.0,104.0,40.0,87.25008169941076,1.401830433837065,86.87997577138835,3.148176642691014,87.76601671309191,2.77220659164334,10
BC5CDR-Chem,2%,Base@match,257.5,104.0,19.80769230769231,87.3628157176946,1.4498188267241274,87.46298497841286,3.307929581599965,87.41875580315691,2.8387127642292325,10
BC5CDR-Chem,2%,COSINER@16x,1040.0,408.0,20.24365456827517,87.02375563795019,1.3141816252903302,83.9149996708695,3.6194223608609346,90.54038997214485,2.0936631495984797,10
BC5CDR-Chem,2%,COSINER@1x,65.0,408.0,1.265228410517198,85.28173562934326,1.3526242308456127,83.72282272303255,3.664571458545507,87.09377901578458,2.6962412702625373,10
BC5CDR-Chem,2%,COSINER@2x,130.0,408.0,2.530456821034396,86.8047946293423,1.1569689519061388,84.88162133560245,2.2737083302624814,88.89693593314763,2.1872544641280967,10
BC5CDR-Chem,2%,COSINER@8x,520.0,408.0,10.121827284137584,87.02897145648517,1.096838612414695,84.95061035954234,3.750888617445039,89.42246982358404,2.607895944313749,10
BC5CDR-Chem,2%,COSINER@match,257.5,408.0,5.0,87.37836824923328,1.4102495558914383,85.79431371380372,3.4029947014058015,89.17177344475394,2.2990364773065406,10
BC5CDR-Chem,2%,Dup@match,257.5,408.0,5.0,87.32906282381927,1.1990467229311403,88.11854005201253,2.606688797696098,86.73166202414114,3.6407215540379934,10
BC5CDR-Chem,2%,MR@16x,1040.0,408.0,20.24365456827517,86.87732345648047,1.8620710287953424,84.7570191960721,4.511750973990523,89.35933147632312,2.862541071269955,10
BC5CDR-Chem,2%,MR@1x,65.0,408.0,1.265228410517198,85.52093204700589,1.5384285493256122,84.43332126680166,3.8250156130923587,86.81337047353762,2.3786239817784067,10
BC5CDR-Chem,2%,MR@2x,130.0,408.0,2.530456821034396,86.78180620013926,1.3229685988457724,84.71553327413861,3.217121204886179,89.09563602599813,2.411505706304999,10
BC5CDR-Chem,2%,MR@8x,520.0,408.0,10.121827284137584,87.13317836678998,1.2940960313392498,85.14428984837575,3.8254986473479344,89.43732590529248,2.887872135806556,10
BC5CDR-Chem,2%,MR@match,257.5,408.0,5.0,87.02728486015901,1.5759072851220548,84.74294108950915,3.9888949562340583,89.64159702878366,2.589962320751045,10
BC5CDR-Chem,5%,Base@1x,165.0,261.0,5.0,89.27975017091183,0.8861496215597332,89.45097536386206,1.4773605798779066,89.13277623026927,1.3158678805635065,10
BC5CDR-Chem,5%,Base@match,643.0,261.0,19.484848484848484,89.81289282756443,0.8086699891962287,89.26408573435455,1.3728611477991444,90.39925719591457,1.554573781723777,10
BC5CDR-Chem,5%,COSINER@match,643.0,1026.0,5.0,89.41638363715174,0.839418066437666,87.765863129641,1.9987374291943625,91.17920148560816,1.4133353805185307,10
BC5CDR-Chem,5%,Dup@match,643.0,1026.0,5.0,89.75563978612387,0.8674683355774158,90.85251600953077,1.007542903531284,88.73537604456826,2.3273737779376678,10
BC5CDR-Chem,5%,MR@match,643.0,1026.0,5.0,89.33037601195235,1.09303151513984,87.7843289387807,1.9843184291526088,90.96935933147631,1.4041707139802093,10
NCBI-Disease,10%,Base@1x,340.0,543.0,5.0,81.47467791091121,0.8379491925604533,78.92749381097568,1.6440371753556726,84.23958333333333,1.660905842482529,10
NCBI-Disease,10%,Base@match,1247.0,543.0,18.338235294117645,82.4441401789031,1.0803867586400695,80.51649920081626,1.346216546521334,84.48958333333334,1.6163185120536727,10
NCBI-Disease,10%,COSINER@match,1247.0,1992.0,5.0,82.60018613633888,0.907741010960348,79.72311477998655,1.0166717036532418,85.70833333333333,1.424711634240677,10
NCBI-Disease,10%,Dup@match,1247.0,1992.0,5.0,82.56686743403495,0.9314970060028587,80.95984376395862,1.3907516923342718,84.27083333333334,1.6197088596792537,10
NCBI-Disease,10%,MR@match,1247.0,1992.0,5.0,82.54034937569124,1.2806406237851287,79.59665466289152,1.7646077795711146,85.73958333333334,1.6058417781207548,10
NCBI-Disease,2%,Base@16x,1120.0,108.0,80.0,73.4346633049849,1.4764248524088102,72.43212893566587,1.8798283410910142,74.53125,2.4802703347905393,10
NCBI-Disease,2%,Base@1x,70.0,108.0,5.0,67.78200620653642,1.9137210611896402,68.07717608665132,1.4527256796770789,67.58333333333333,3.5347836165809907,10
NCBI-Disease,2%,Base@2x,140.0,108.0,10.0,71.19363431317065,1.3849794085689404,70.60496667959217,1.898041232781831,71.85416666666666,2.2485420516469503,10
NCBI-Disease,2%,Base@8x,560.0,108.0,40.0,72.50114504994485,1.4640641383871047,71.48695725423609,2.12097961122692,73.625,2.4349167222811614,10
NCBI-Disease,2%,Base@match,251.5,108.0,17.964285714285715,72.05294351241436,1.9733241489072815,71.33765065806259,3.067283445425919,72.85416666666666,1.9038419570780711,10
NCBI-Disease,2%,COSINER@16x,1120.0,399.5,22.348924811614847,74.01979734135949,1.5773076057130166,71.5236789628489,2.32708674804633,76.8125,2.8926758032087054,10
NCBI-Disease,2%,COSINER@1x,70.0,399.5,1.396807800725928,70.11212306998684,1.7907792280813455,67.55877823875863,2.4634257810564475,72.9375,2.286821477320824,10
NCBI-Disease,2%,COSINER@2x,140.0,399.5,2.793615601451856,72.03002131068546,1.753555666381112,69.16276327053498,2.4717452618090467,75.29166666666667,3.3541738555248455,10
NCBI-Disease,2%,COSINER@8x,560.0,399.5,11.174462405807422,73.79367001832286,1.2170575730699393,71.99849222743381,2.6379342860544925,75.82291666666666,2.5701247222582344,10
NCBI-Disease,2%,COSINER@match,251.5,399.5,5.0,73.45912559687598,1.8560681634068699,71.03669190178461,3.164398315813429,76.15625,2.0853289053572617,10
NCBI-Disease,2%,Dup@match,251.5,399.5,5.0,71.47649529684915,1.5409851322348977,72.24422087524245,2.0664135861219726,70.86458333333334,3.311943087356555,10
NCBI-Disease,2%,MR@16x,1120.0,399.5,22.348924811614847,74.50144968894585,1.3193572214836553,72.18029763847287,2.9900263326082896,77.09375,1.615572427028672,10
NCBI-Disease,2%,MR@1x,70.0,399.5,1.396807800725928,70.60165572525871,1.8255478490316952,68.35295859015234,2.1518615979734554,73.10416666666667,3.108676502752484,10
NCBI-Disease,2%,MR@2x,140.0,399.5,2.793615601451856,72.8733954276426,2.005601386208524,70.53999874791421,2.618883875738145,75.40625000000001,1.945962948732451,10
NCBI-Disease,2%,MR@8x,560.0,399.5,11.174462405807422,74.857474073846,1.607157103333948,72.93104773293403,2.8081984423471615,77.03125,2.867580502760959,10
NCBI-Disease,2%,MR@match,251.5,399.5,5.0,73.97943571310253,2.272318542861095,71.57834141481845,3.206535817653381,76.64583333333333,2.624136395271337,10
NCBI-Disease,5%,Base@1x,170.0,271.0,5.0,76.55445719173227,1.276793278862006,75.48162052425356,1.4166477618519115,77.70833333333333,2.3250929226087775,10
NCBI-Disease,5%,Base@match,623.0,271.0,18.323529411764707,78.47348744609714,1.8023903656274483,77.31606599141418,1.4334698330092634,79.69791666666667,2.710313556697321,10
NCBI-Disease,5%,COSINER@match,623.0,992.5,5.0,79.52964250655798,1.5523867362837054,76.39593330771459,2.0211331453558614,83.0,2.5381920694623354,10
NCBI-Disease,5%,Dup@match,623.0,992.5,5.0,78.47169964870315,1.734215968636489,77.80252334525788,1.3287455919537166,79.23958333333333,3.4158796801406135,10
NCBI-Disease,5%,MR@match,623.0,992.5,5.0,79.51875443231557,1.2382456155939308,76.7834813235098,1.9543213653238993,82.5,1.6673898893809689,10
